measurement_id,line_id,survey_mode,array_type,a_id,a_x,a_y,a_z,b_id,b_x,b_y,b_z,m_id,m_x,m_y,m_z,n_id,n_x,n_y,n_z,n_level,current_ma,voltage_mv,apparent_resistivity_ohm_m,chargeability_mv_v,gate_start_ms,gate_end_ms,stack_count,reciprocity_error_pct,synthetic_pseudo_depth_m,synthetic_anomaly_strength
GHIP_0001,L01,tdip,dipole_dipole,L01_E01,657162.5,676615.0,147.85,L01_E02,657187.5,676615.0,148.05,L01_E03,657212.5,676615.0,148.25,L01_E04,657237.5,676615.0,148.45,1,1641.371,13.8609,612.559,6.0425,120.0,780.0,9,1.0692,18.75,0.013286
GHIP_0002,L01,tdip,dipole_dipole,L01_E01,657162.5,676615.0,147.85,L01_E02,657187.5,676615.0,148.05,L01_E04,657237.5,676615.0,148.45,L01_E05,657262.5,676615.0,148.65,2,1664.625,14.0858,608.7071,6.1959,120.0,780.0,8,1.9817,37.5,0.027676
GHIP_0003,L01,tdip,dipole_dipole,L01_E01,657162.5,676615.0,147.85,L01_E02,657187.5,676615.0,148.05,L01_E05,657262.5,676615.0,148.65,L01_E06,657287.5,676615.0,148.85,3,1742.732,13.4539,587.8107,4.5596,120.0,780.0,7,2.8333,56.25,0.045855
GHIP_0004,L01,tdip,dipole_dipole,L01_E01,657162.5,676615.0,147.85,L01_E02,657187.5,676615.0,148.05,L01_E06,657287.5,676615.0,148.85,L01_E07,657312.5,676615.0,149.05,4,1742.425,14.2933,615.307,5.3605,120.0,780.0,10,2.3714,75.0,0.060426
GHIP_0005,L01,tdip,dipole_dipole,L01_E01,657162.5,676615.0,147.85,L01_E02,657187.5,676615.0,148.05,L01_E07,657312.5,676615.0,149.05,L01_E08,657337.5,676615.0,149.25,5,1625.663,14.1864,615.0028,6.3175,120.0,780.0,10,1.341,93.75,0.063331
GHIP_0006,L01,tdip,dipole_dipole,L01_E01,657162.5,676615.0,147.85,L01_E02,657187.5,676615.0,148.05,L01_E08,657337.5,676615.0,149.25,L01_E09,657362.5,676615.0,149.45,6,1597.117,13.8765,605.5244,4.9682,120.0,780.0,7,1.693,112.5,0.052793
GHIP_0007,L01,tdip,dipole_dipole,L01_E02,657187.5,676615.0,148.05,L01_E03,657212.5,676615.0,148.25,L01_E04,657237.5,676615.0,148.45,L01_E05,657262.5,676615.0,148.65,1,1664.56,13.8251,595.4646,4.2094,120.0,780.0,8,1.2311,18.75,0.021408
GHIP_0008,L01,tdip,dipole_dipole,L01_E02,657187.5,676615.0,148.05,L01_E03,657212.5,676615.0,148.25,L01_E05,657262.5,676615.0,148.65,L01_E06,657287.5,676615.0,148.85,2,1705.347,14.4816,609.3335,5.4404,120.0,780.0,6,0.8692,37.5,0.043779
GHIP_0009,L01,tdip,dipole_dipole,L01_E02,657187.5,676615.0,148.05,L01_E03,657212.5,676615.0,148.25,L01_E06,657287.5,676615.0,148.85,L01_E07,657312.5,676615.0,149.05,3,1693.828,14.3162,613.038,6.4356,120.0,780.0,8,1.7904,56.25,0.071205
GHIP_0010,L01,tdip,dipole_dipole,L01_E02,657187.5,676615.0,148.05,L01_E03,657212.5,676615.0,148.25,L01_E07,657312.5,676615.0,149.05,L01_E08,657337.5,676615.0,149.25,4,1622.191,13.1826,568.3164,5.004,120.0,780.0,8,4.2449,75.0,0.092113
GHIP_0011,L01,tdip,dipole_dipole,L01_E02,657187.5,676615.0,148.05,L01_E03,657212.5,676615.0,148.25,L01_E08,657337.5,676615.0,149.25,L01_E09,657362.5,676615.0,149.45,5,1632.698,13.8648,600.1654,8.0286,120.0,780.0,8,21.921,93.75,0.094773
GHIP_0012,L01,tdip,dipole_dipole,L01_E02,657187.5,676615.0,148.05,L01_E03,657212.5,676615.0,148.25,L01_E09,657362.5,676615.0,149.45,L01_E10,657387.5,676615.0,149.65,6,1690.238,13.9663,606.3019,6.5275,120.0,780.0,9,1.1572,112.5,0.077555
GHIP_0013,L01,tdip,dipole_dipole,L01_E03,657212.5,676615.0,148.25,L01_E04,657237.5,676615.0,148.45,L01_E05,657262.5,676615.0,148.65,L01_E06,657287.5,676615.0,148.85,1,1657.143,14.0309,604.4964,7.0417,120.0,780.0,10,1.3671,18.75,0.033243
GHIP_0014,L01,tdip,dipole_dipole,L01_E03,657212.5,676615.0,148.25,L01_E04,657237.5,676615.0,148.45,L01_E06,657287.5,676615.0,148.85,L01_E07,657312.5,676615.0,149.05,2,1621.112,14.2036,612.3401,4.9018,120.0,780.0,7,4.1855,37.5,0.066736
GHIP_0015,L01,tdip,dipole_dipole,L01_E03,657212.5,676615.0,148.25,L01_E04,657237.5,676615.0,148.45,L01_E07,657312.5,676615.0,149.05,L01_E08,657337.5,676615.0,149.25,3,1657.926,13.2749,583.8179,6.6116,120.0,780.0,10,1.9209,56.25,0.106556
GHIP_0016,L01,tdip,dipole_dipole,L01_E03,657212.5,676615.0,148.25,L01_E04,657237.5,676615.0,148.45,L01_E08,657337.5,676615.0,149.25,L01_E09,657362.5,676615.0,149.45,4,1712.937,13.8257,596.8949,8.4254,120.0,780.0,9,3.1206,75.0,0.135318
GHIP_0017,L01,tdip,dipole_dipole,L01_E03,657212.5,676615.0,148.25,L01_E04,657237.5,676615.0,148.45,L01_E09,657362.5,676615.0,149.45,L01_E10,657387.5,676615.0,149.65,5,1643.808,13.723,586.4656,6.4465,120.0,780.0,10,2.3074,93.75,0.136676
GHIP_0018,L01,tdip,dipole_dipole,L01_E03,657212.5,676615.0,148.25,L01_E04,657237.5,676615.0,148.45,L01_E10,657387.5,676615.0,149.65,L01_E11,657412.5,676615.0,149.85,6,1677.503,13.7978,599.5723,5.9752,120.0,780.0,6,25.3342,112.5,0.109796
GHIP_0019,L01,tdip,dipole_dipole,L01_E04,657237.5,676615.0,148.45,L01_E05,657262.5,676615.0,148.65,L01_E06,657287.5,676615.0,148.85,L01_E07,657312.5,676615.0,149.05,1,1585.683,14.0861,609.6078,5.2647,120.0,780.0,5,3.8647,18.75,0.049747
GHIP_0020,L01,tdip,dipole_dipole,L01_E04,657237.5,676615.0,148.45,L01_E05,657262.5,676615.0,148.65,L01_E07,657312.5,676615.0,149.05,L01_E08,657337.5,676615.0,149.25,2,1708.712,13.6563,601.2856,6.9359,120.0,780.0,8,0.9965,37.5,0.098039
GHIP_0021,L01,tdip,dipole_dipole,L01_E04,657237.5,676615.0,148.45,L01_E05,657262.5,676615.0,148.65,L01_E08,657337.5,676615.0,149.25,L01_E09,657362.5,676615.0,149.45,3,1670.661,13.4988,586.1483,7.6687,120.0,780.0,10,0.9461,56.25,0.153668
GHIP_0022,L01,tdip,dipole_dipole,L01_E04,657237.5,676615.0,148.45,L01_E05,657262.5,676615.0,148.65,L01_E09,657362.5,676615.0,149.45,L01_E10,657387.5,676615.0,149.65,4,1612.312,12.9625,574.9416,8.4883,120.0,780.0,7,1.3321,75.0,0.191571
GHIP_0023,L01,tdip,dipole_dipole,L01_E04,657237.5,676615.0,148.45,L01_E05,657262.5,676615.0,148.65,L01_E10,657387.5,676615.0,149.65,L01_E11,657412.5,676615.0,149.85,5,1612.335,13.1968,578.1475,7.5571,120.0,780.0,11,4.1287,93.75,0.189948
GHIP_0024,L01,tdip,dipole_dipole,L01_E04,657237.5,676615.0,148.45,L01_E05,657262.5,676615.0,148.65,L01_E11,657412.5,676615.0,149.85,L01_E12,657437.5,676615.0,150.05,6,1713.834,13.085,572.5574,6.2804,120.0,780.0,8,2.2335,112.5,0.149796
GHIP_0025,L01,tdip,dipole_dipole,L01_E05,657262.5,676615.0,148.65,L01_E06,657287.5,676615.0,148.85,L01_E07,657312.5,676615.0,149.05,L01_E08,657337.5,676615.0,149.25,1,1645.04,13.4892,597.1589,7.1874,120.0,780.0,7,2.2347,18.75,0.071742
GHIP_0026,L01,tdip,dipole_dipole,L01_E05,657262.5,676615.0,148.65,L01_E06,657287.5,676615.0,148.85,L01_E08,657337.5,676615.0,149.25,L01_E09,657362.5,676615.0,149.45,2,1741.408,13.7473,597.5688,5.7908,120.0,780.0,8,2.1031,37.5,0.138795
GHIP_0027,L01,tdip,dipole_dipole,L01_E05,657262.5,676615.0,148.65,L01_E06,657287.5,676615.0,148.85,L01_E09,657362.5,676615.0,149.45,L01_E10,657387.5,676615.0,149.65,3,1648.274,13.0162,572.0209,7.7839,120.0,780.0,9,2.3539,56.25,0.213565
GHIP_0028,L01,tdip,dipole_dipole,L01_E05,657262.5,676615.0,148.65,L01_E06,657287.5,676615.0,148.85,L01_E10,657387.5,676615.0,149.65,L01_E11,657412.5,676615.0,149.85,4,1658.368,13.4374,576.5576,9.6331,120.0,780.0,7,2.9908,75.0,0.261363
GHIP_0029,L01,tdip,dipole_dipole,L01_E05,657262.5,676615.0,148.65,L01_E06,657287.5,676615.0,148.85,L01_E11,657412.5,676615.0,149.85,L01_E12,657437.5,676615.0,150.05,5,1638.13,12.7715,556.7537,9.5731,120.0,780.0,10,1.937,93.75,0.254401
GHIP_0030,L01,tdip,dipole_dipole,L01_E05,657262.5,676615.0,148.65,L01_E06,657287.5,676615.0,148.85,L01_E12,657437.5,676615.0,150.05,L01_E13,657462.5,676615.0,150.25,6,1649.558,13.2392,572.6108,8.1631,120.0,780.0,9,0.391,112.5,0.196948
GHIP_0031,L01,tdip,dipole_dipole,L01_E06,657287.5,676615.0,148.85,L01_E07,657312.5,676615.0,149.05,L01_E08,657337.5,676615.0,149.25,L01_E09,657362.5,676615.0,149.45,1,1659.069,14.4944,612.285,5.9696,120.0,780.0,10,2.5343,18.75,0.099705
GHIP_0032,L01,tdip,dipole_dipole,L01_E06,657287.5,676615.0,148.85,L01_E07,657312.5,676615.0,149.05,L01_E09,657362.5,676615.0,149.45,L01_E10,657387.5,676615.0,149.65,2,1692.197,13.4673,583.2041,6.8025,120.0,780.0,8,2.3365,37.5,0.189359
GHIP_0033,L01,tdip,dipole_dipole,L01_E06,657287.5,676615.0,148.85,L01_E07,657312.5,676615.0,149.05,L01_E10,657387.5,676615.0,149.65,L01_E11,657412.5,676615.0,149.85,3,1693.188,13.2421,563.8625,9.1112,120.0,780.0,8,0.5702,56.25,0.286031
GHIP_0034,L01,tdip,dipole_dipole,L01_E06,657287.5,676615.0,148.85,L01_E07,657312.5,676615.0,149.05,L01_E11,657412.5,676615.0,149.85,L01_E12,657437.5,676615.0,150.05,4,1740.9,13.5814,589.2003,11.3436,120.0,780.0,10,2.1868,75.0,0.343635
GHIP_0035,L01,tdip,dipole_dipole,L01_E06,657287.5,676615.0,148.85,L01_E07,657312.5,676615.0,149.05,L01_E12,657437.5,676615.0,150.05,L01_E13,657462.5,676615.0,150.25,5,1670.591,13.3274,566.8149,9.4076,120.0,780.0,6,1.1013,93.75,0.328353
GHIP_0036,L01,tdip,dipole_dipole,L01_E06,657287.5,676615.0,148.85,L01_E07,657312.5,676615.0,149.05,L01_E13,657462.5,676615.0,150.25,L01_E14,657487.5,676615.0,150.45,6,1605.891,12.6558,554.282,9.4082,120.0,780.0,9,4.6635,112.5,0.249542
GHIP_0037,L01,tdip,dipole_dipole,L01_E07,657312.5,676615.0,149.05,L01_E08,657337.5,676615.0,149.25,L01_E09,657362.5,676615.0,149.45,L01_E10,657387.5,676615.0,149.65,1,1614.157,13.3758,576.4252,5.4998,120.0,780.0,9,3.7131,18.75,0.133537
GHIP_0038,L01,tdip,dipole_dipole,L01_E07,657312.5,676615.0,149.05,L01_E08,657337.5,676615.0,149.25,L01_E10,657387.5,676615.0,149.65,L01_E11,657412.5,676615.0,149.85,2,1620.351,12.8899,571.5124,9.3904,120.0,780.0,7,0.1775,37.5,0.248966
GHIP_0039,L01,tdip,dipole_dipole,L01_E07,657312.5,676615.0,149.05,L01_E08,657337.5,676615.0,149.25,L01_E11,657412.5,676615.0,149.85,L01_E12,657437.5,676615.0,150.05,3,1633.51,13.0336,557.9148,11.7066,120.0,780.0,9,18.5561,56.25,0.369177
GHIP_0040,L01,tdip,dipole_dipole,L01_E07,657312.5,676615.0,149.05,L01_E08,657337.5,676615.0,149.25,L01_E12,657437.5,676615.0,150.05,L01_E13,657462.5,676615.0,150.25,4,1617.769,12.2366,530.7461,12.1341,120.0,780.0,9,3.3809,75.0,0.435401
GHIP_0041,L01,tdip,dipole_dipole,L01_E07,657312.5,676615.0,149.05,L01_E08,657337.5,676615.0,149.25,L01_E13,657462.5,676615.0,150.25,L01_E14,657487.5,676615.0,150.45,5,1626.59,11.821,517.4851,12.6041,120.0,780.0,8,1.0266,93.75,0.408415
GHIP_0042,L01,tdip,dipole_dipole,L01_E07,657312.5,676615.0,149.05,L01_E08,657337.5,676615.0,149.25,L01_E14,657487.5,676615.0,150.45,L01_E15,657512.5,676615.0,150.65,6,1674.785,12.1113,524.8921,9.8058,120.0,780.0,6,1.8245,112.5,0.304701
GHIP_0043,L01,tdip,dipole_dipole,L01_E08,657337.5,676615.0,149.25,L01_E09,657362.5,676615.0,149.45,L01_E10,657387.5,676615.0,149.65,L01_E11,657412.5,676615.0,149.85,1,1627.866,13.6747,600.774,8.897,120.0,780.0,7,2.2409,18.75,0.172355
GHIP_0044,L01,tdip,dipole_dipole,L01_E08,657337.5,676615.0,149.25,L01_E09,657362.5,676615.0,149.45,L01_E11,657412.5,676615.0,149.85,L01_E12,657437.5,676615.0,150.05,2,1564.253,12.4198,536.2692,12.2047,120.0,780.0,7,2.1639,37.5,0.31545
GHIP_0045,L01,tdip,dipole_dipole,L01_E08,657337.5,676615.0,149.25,L01_E09,657362.5,676615.0,149.45,L01_E12,657437.5,676615.0,150.05,L01_E13,657462.5,676615.0,150.25,3,1642.278,12.1389,521.2677,12.3131,120.0,780.0,9,2.1331,56.25,0.459194
GHIP_0046,L01,tdip,dipole_dipole,L01_E08,657337.5,676615.0,149.25,L01_E09,657362.5,676615.0,149.45,L01_E13,657462.5,676615.0,150.25,L01_E14,657487.5,676615.0,150.45,4,1638.436,12.4981,533.7739,13.2101,120.0,780.0,10,2.9979,75.0,0.531642
GHIP_0047,L01,tdip,dipole_dipole,L01_E08,657337.5,676615.0,149.25,L01_E09,657362.5,676615.0,149.45,L01_E14,657487.5,676615.0,150.45,L01_E15,657512.5,676615.0,150.65,5,1574.613,11.5528,514.5966,14.2173,120.0,780.0,10,1.7218,93.75,0.489555
GHIP_0048,L01,tdip,dipole_dipole,L01_E08,657337.5,676615.0,149.25,L01_E09,657362.5,676615.0,149.45,L01_E15,657512.5,676615.0,150.65,L01_E16,657537.5,676615.0,150.85,6,1616.261,12.2758,536.1974,11.1577,120.0,780.0,6,4.6004,112.5,0.358544
GHIP_0049,L01,tdip,dipole_dipole,L01_E09,657362.5,676615.0,149.45,L01_E10,657387.5,676615.0,149.65,L01_E11,657412.5,676615.0,149.85,L01_E12,657437.5,676615.0,150.05,1,1640.706,13.5804,581.9629,8.359,120.0,780.0,6,2.249,18.75,0.214381
GHIP_0050,L01,tdip,dipole_dipole,L01_E09,657362.5,676615.0,149.45,L01_E10,657387.5,676615.0,149.65,L01_E12,657437.5,676615.0,150.05,L01_E13,657462.5,676615.0,150.25,2,1656.504,12.5021,545.5293,12.5452,120.0,780.0,8,1.7211,37.5,0.385178
GHIP_0051,L01,tdip,dipole_dipole,L01_E09,657362.5,676615.0,149.45,L01_E10,657387.5,676615.0,149.65,L01_E13,657462.5,676615.0,150.25,L01_E14,657487.5,676615.0,150.45,3,1690.377,11.6147,499.4749,15.5575,120.0,780.0,8,1.5164,56.25,0.550422
GHIP_0052,L01,tdip,dipole_dipole,L01_E09,657362.5,676615.0,149.45,L01_E10,657387.5,676615.0,149.65,L01_E14,657487.5,676615.0,150.45,L01_E15,657512.5,676615.0,150.65,4,1736.291,11.2556,487.2216,16.2699,120.0,780.0,7,4.3125,75.0,0.625588
GHIP_0053,L01,tdip,dipole_dipole,L01_E09,657362.5,676615.0,149.45,L01_E10,657387.5,676615.0,149.65,L01_E15,657512.5,676615.0,150.65,L01_E16,657537.5,676615.0,150.85,5,1588.939,11.6585,505.9406,14.1644,120.0,780.0,7,1.9301,93.75,0.56551
GHIP_0054,L01,tdip,dipole_dipole,L01_E09,657362.5,676615.0,149.45,L01_E10,657387.5,676615.0,149.65,L01_E16,657537.5,676615.0,150.85,L01_E17,657562.5,676615.0,151.05,6,1667.085,12.0783,525.4242,13.7578,120.0,780.0,8,0.8972,112.5,0.406585
GHIP_0055,L01,tdip,dipole_dipole,L01_E10,657387.5,676615.0,149.65,L01_E11,657412.5,676615.0,149.85,L01_E12,657437.5,676615.0,150.05,L01_E13,657462.5,676615.0,150.25,1,1721.255,13.0334,568.1093,9.1306,120.0,780.0,9,1.4482,18.75,0.256972
GHIP_0056,L01,tdip,dipole_dipole,L01_E10,657387.5,676615.0,149.65,L01_E11,657412.5,676615.0,149.85,L01_E13,657462.5,676615.0,150.25,L01_E14,657487.5,676615.0,150.45,2,1710.593,12.3264,534.6218,11.3443,120.0,780.0,8,2.9155,37.5,0.453242
GHIP_0057,L01,tdip,dipole_dipole,L01_E10,657387.5,676615.0,149.65,L01_E11,657412.5,676615.0,149.85,L01_E14,657487.5,676615.0,150.45,L01_E15,657512.5,676615.0,150.65,3,1664.944,11.0245,482.3922,15.6592,120.0,780.0,8,0.4243,56.25,0.63582
GHIP_0058,L01,tdip,dipole_dipole,L01_E10,657387.5,676615.0,149.65,L01_E11,657412.5,676615.0,149.85,L01_E15,657512.5,676615.0,150.65,L01_E16,657537.5,676615.0,150.85,4,1685.075,10.5105,453.9272,19.3978,120.0,780.0,9,0.9743,75.0,0.709409
GHIP_0059,L01,tdip,dipole_dipole,L01_E10,657387.5,676615.0,149.65,L01_E11,657412.5,676615.0,149.85,L01_E16,657537.5,676615.0,150.85,L01_E17,657562.5,676615.0,151.05,5,1681.343,10.4657,459.8272,17.2912,120.0,780.0,7,2.1407,93.75,0.629532
GHIP_0060,L01,tdip,dipole_dipole,L01_E10,657387.5,676615.0,149.65,L01_E11,657412.5,676615.0,149.85,L01_E17,657562.5,676615.0,151.05,L01_E18,657587.5,676615.0,151.25,6,1709.439,11.5568,497.8542,10.818,120.0,780.0,7,3.7099,112.5,0.444322
GHIP_0061,L01,tdip,dipole_dipole,L01_E11,657412.5,676615.0,149.85,L01_E12,657437.5,676615.0,150.05,L01_E13,657462.5,676615.0,150.25,L01_E14,657487.5,676615.0,150.45,1,1577.446,12.551,547.562,11.2908,120.0,780.0,7,3.5029,18.75,0.296841
GHIP_0062,L01,tdip,dipole_dipole,L01_E11,657412.5,676615.0,149.85,L01_E12,657437.5,676615.0,150.05,L01_E14,657487.5,676615.0,150.45,L01_E15,657512.5,676615.0,150.65,2,1623.979,11.962,512.3471,12.9199,120.0,780.0,8,2.8832,37.5,0.513971
GHIP_0063,L01,tdip,dipole_dipole,L01_E11,657412.5,676615.0,149.85,L01_E12,657437.5,676615.0,150.05,L01_E15,657512.5,676615.0,150.65,L01_E16,657537.5,676615.0,150.85,3,1664.477,10.8995,472.8185,17.5219,120.0,780.0,6,1.0681,56.25,0.707802
GHIP_0064,L01,tdip,dipole_dipole,L01_E11,657412.5,676615.0,149.85,L01_E12,657437.5,676615.0,150.05,L01_E16,657537.5,676615.0,150.85,L01_E17,657562.5,676615.0,151.05,4,1705.023,10.683,462.3247,18.192,120.0,780.0,10,0.6527,75.0,0.775253
GHIP_0065,L01,tdip,dipole_dipole,L01_E11,657412.5,676615.0,149.85,L01_E12,657437.5,676615.0,150.05,L01_E17,657562.5,676615.0,151.05,L01_E18,657587.5,676615.0,151.25,5,1571.833,11.033,468.1228,16.7293,120.0,780.0,8,2.1944,93.75,0.675358
GHIP_0066,L01,tdip,dipole_dipole,L01_E11,657412.5,676615.0,149.85,L01_E12,657437.5,676615.0,150.05,L01_E18,657587.5,676615.0,151.25,L01_E19,657612.5,676615.0,151.45,6,1710.874,11.9672,516.1429,14.6961,120.0,780.0,7,4.0457,112.5,0.467933
GHIP_0067,L01,tdip,dipole_dipole,L01_E12,657437.5,676615.0,150.05,L01_E13,657462.5,676615.0,150.25,L01_E14,657487.5,676615.0,150.45,L01_E15,657512.5,676615.0,150.65,1,1662.975,13.1744,576.8315,10.0664,120.0,780.0,12,1.5044,18.75,0.330447
GHIP_0068,L01,tdip,dipole_dipole,L01_E12,657437.5,676615.0,150.05,L01_E13,657462.5,676615.0,150.25,L01_E15,657512.5,676615.0,150.65,L01_E16,657537.5,676615.0,150.85,2,1661.511,11.8147,501.2773,16.3166,120.0,780.0,9,2.0025,37.5,0.561675
GHIP_0069,L01,tdip,dipole_dipole,L01_E12,657437.5,676615.0,150.05,L01_E13,657462.5,676615.0,150.25,L01_E16,657537.5,676615.0,150.85,L01_E17,657562.5,676615.0,151.05,3,1680.144,10.79,459.0409,19.1593,120.0,780.0,9,1.948,56.25,0.759326
GHIP_0070,L01,tdip,dipole_dipole,L01_E12,657437.5,676615.0,150.05,L01_E13,657462.5,676615.0,150.25,L01_E17,657562.5,676615.0,151.05,L01_E18,657587.5,676615.0,151.25,4,1606.264,10.3634,452.8561,18.5775,120.0,780.0,9,1.5006,75.0,0.816449
GHIP_0071,L01,tdip,dipole_dipole,L01_E12,657437.5,676615.0,150.05,L01_E13,657462.5,676615.0,150.25,L01_E18,657587.5,676615.0,151.25,L01_E19,657612.5,676615.0,151.45,5,1665.3,10.9703,479.4993,16.7768,120.0,780.0,9,2.0048,93.75,0.698215
GHIP_0072,L01,tdip,dipole_dipole,L01_E12,657437.5,676615.0,150.05,L01_E13,657462.5,676615.0,150.25,L01_E19,657612.5,676615.0,151.45,L01_E20,657637.5,676615.0,151.65,6,1686.486,12.0129,519.4286,-2.1833,120.0,780.0,7,4.3033,112.5,0.474906
GHIP_0073,L01,tdip,dipole_dipole,L01_E13,657462.5,676615.0,150.25,L01_E14,657487.5,676615.0,150.45,L01_E15,657512.5,676615.0,150.65,L01_E16,657537.5,676615.0,150.85,1,1690.285,12.6446,539.2007,11.1707,120.0,780.0,6,2.7102,18.75,0.354501
GHIP_0074,L01,tdip,dipole_dipole,L01_E13,657462.5,676615.0,150.25,L01_E14,657487.5,676615.0,150.45,L01_E16,657537.5,676615.0,150.85,L01_E17,657562.5,676615.0,151.05,2,1665.986,11.6647,498.0597,15.0255,120.0,780.0,8,1.8723,37.5,0.591522
GHIP_0075,L01,tdip,dipole_dipole,L01_E13,657462.5,676615.0,150.25,L01_E14,657487.5,676615.0,150.45,L01_E17,657562.5,676615.0,151.05,L01_E18,657587.5,676615.0,151.25,3,1629.759,11.1264,489.5645,17.6878,120.0,780.0,8,0.8583,56.25,0.785024
GHIP_0076,L01,tdip,dipole_dipole,L01_E13,657462.5,676615.0,150.25,L01_E14,657487.5,676615.0,150.45,L01_E18,657587.5,676615.0,151.25,L01_E19,657612.5,676615.0,151.45,4,1691.82,11.027,478.8003,19.6303,120.0,780.0,8,2.1545,75.0,0.828617
GHIP_0077,L01,tdip,dipole_dipole,L01_E13,657462.5,676615.0,150.25,L01_E14,657487.5,676615.0,150.45,L01_E19,657612.5,676615.0,151.45,L01_E20,657637.5,676615.0,151.65,5,1553.305,11.2287,478.131,-3.3764,120.0,780.0,8,2.0443,93.75,0.695638
GHIP_0078,L01,tdip,dipole_dipole,L01_E13,657462.5,676615.0,150.25,L01_E14,657487.5,676615.0,150.45,L01_E20,657637.5,676615.0,151.65,L01_E21,657662.5,676615.0,151.85,6,1602.049,12.0133,524.0127,13.459,120.0,780.0,9,4.1613,112.5,0.464484
GHIP_0079,L01,tdip,dipole_dipole,L01_E14,657487.5,676615.0,150.45,L01_E15,657512.5,676615.0,150.65,L01_E16,657537.5,676615.0,150.85,L01_E17,657562.5,676615.0,151.05,1,1715.86,12.4495,535.602,12.2684,120.0,780.0,8,3.647,18.75,0.366499
GHIP_0080,L01,tdip,dipole_dipole,L01_E14,657487.5,676615.0,150.45,L01_E15,657512.5,676615.0,150.65,L01_E17,657562.5,676615.0,151.05,L01_E18,657587.5,676615.0,151.25,2,1597.808,11.3663,488.8097,14.2336,120.0,780.0,9,1.2987,37.5,0.600338
GHIP_0081,L01,tdip,dipole_dipole,L01_E14,657487.5,676615.0,150.45,L01_E15,657512.5,676615.0,150.65,L01_E18,657587.5,676615.0,151.25,L01_E19,657612.5,676615.0,151.45,3,1549.052,10.7817,460.9711,18.7513,120.0,780.0,6,2.9309,56.25,0.782126
GHIP_0082,L01,tdip,dipole_dipole,L01_E14,657487.5,676615.0,150.45,L01_E15,657512.5,676615.0,150.65,L01_E19,657612.5,676615.0,151.45,L01_E20,657637.5,676615.0,151.65,4,1636.428,10.5631,452.3601,18.4352,120.0,780.0,7,2.921,75.0,0.810433
GHIP_0083,L01,tdip,dipole_dipole,L01_E14,657487.5,676615.0,150.45,L01_E15,657512.5,676615.0,150.65,L01_E20,657637.5,676615.0,151.65,L01_E21,657662.5,676615.0,151.85,5,1663.838,10.3991,462.9181,15.5098,120.0,780.0,9,2.1433,93.75,0.667907
GHIP_0084,L01,tdip,dipole_dipole,L01_E14,657487.5,676615.0,150.45,L01_E15,657512.5,676615.0,150.65,L01_E21,657662.5,676615.0,151.85,L01_E22,657687.5,676615.0,152.05,6,1676.288,11.8055,509.6791,12.2702,120.0,780.0,7,3.8118,112.5,0.437797
GHIP_0085,L01,tdip,dipole_dipole,L01_E15,657512.5,676615.0,150.65,L01_E16,657537.5,676615.0,150.85,L01_E17,657562.5,676615.0,151.05,L01_E18,657587.5,676615.0,151.25,1,1623.835,11.9424,520.9967,11.1222,120.0,780.0,6,4.1667,18.75,0.365146
GHIP_0086,L01,tdip,dipole_dipole,L01_E15,657512.5,676615.0,150.65,L01_E16,657537.5,676615.0,150.85,L01_E18,657587.5,676615.0,151.25,L01_E19,657612.5,676615.0,151.45,2,1650.258,10.7488,465.6332,12.9579,120.0,780.0,7,0.4377,37.5,0.587163
GHIP_0087,L01,tdip,dipole_dipole,L01_E15,657512.5,676615.0,150.65,L01_E16,657537.5,676615.0,150.85,L01_E19,657612.5,676615.0,151.45,L01_E20,657637.5,676615.0,151.65,3,1661.172,10.6408,458.4548,18.5543,120.0,780.0,8,2.5125,56.25,0.750948
GHIP_0088,L01,tdip,dipole_dipole,L01_E15,657512.5,676615.0,150.65,L01_E16,657537.5,676615.0,150.85,L01_E20,657637.5,676615.0,151.65,L01_E21,657662.5,676615.0,151.85,4,1641.287,10.6795,459.2183,18.5973,120.0,780.0,5,1.7329,75.0,0.763869
GHIP_0089,L01,tdip,dipole_dipole,L01_E15,657512.5,676615.0,150.65,L01_E16,657537.5,676615.0,150.85,L01_E21,657662.5,676615.0,151.85,L01_E22,657687.5,676615.0,152.05,5,1627.822,10.8409,469.6288,16.2726,120.0,780.0,9,2.7017,93.75,0.617998
GHIP_0090,L01,tdip,dipole_dipole,L01_E15,657512.5,676615.0,150.65,L01_E16,657537.5,676615.0,150.85,L01_E22,657687.5,676615.0,152.05,L01_E23,657712.5,676615.0,152.25,6,1656.65,12.8705,548.1373,12.3538,120.0,780.0,9,3.393,112.5,0.397662
GHIP_0091,L01,tdip,dipole_dipole,L01_E16,657537.5,676615.0,150.85,L01_E17,657562.5,676615.0,151.05,L01_E18,657587.5,676615.0,151.25,L01_E19,657612.5,676615.0,151.45,1,1609.232,12.1319,535.4219,10.2397,120.0,780.0,8,0.143,18.75,0.35059
GHIP_0092,L01,tdip,dipole_dipole,L01_E16,657537.5,676615.0,150.85,L01_E17,657562.5,676615.0,151.05,L01_E19,657612.5,676615.0,151.45,L01_E20,657637.5,676615.0,151.65,2,1586.664,11.3251,495.2541,14.0246,120.0,780.0,7,1.4723,37.5,0.553428
GHIP_0093,L01,tdip,dipole_dipole,L01_E16,657537.5,676615.0,150.85,L01_E17,657562.5,676615.0,151.05,L01_E20,657637.5,676615.0,151.65,L01_E21,657662.5,676615.0,151.85,3,1681.938,10.8182,477.9825,16.2909,120.0,780.0,6,3.001,56.25,0.694834
GHIP_0094,L01,tdip,dipole_dipole,L01_E16,657537.5,676615.0,150.85,L01_E17,657562.5,676615.0,151.05,L01_E21,657662.5,676615.0,151.85,L01_E22,657687.5,676615.0,152.05,4,1715.084,11.3452,496.4036,17.6879,120.0,780.0,7,2.1205,75.0,0.693841
GHIP_0095,L01,tdip,dipole_dipole,L01_E16,657537.5,676615.0,150.85,L01_E17,657562.5,676615.0,151.05,L01_E22,657687.5,676615.0,152.05,L01_E23,657712.5,676615.0,152.25,5,1658.353,12.628,533.0662,14.3034,120.0,780.0,8,2.4234,93.75,0.551058
GHIP_0096,L01,tdip,dipole_dipole,L01_E16,657537.5,676615.0,150.85,L01_E17,657562.5,676615.0,151.05,L01_E23,657712.5,676615.0,152.25,L01_E24,657737.5,676615.0,152.45,6,1635.784,12.6026,552.3783,10.3936,120.0,780.0,10,1.3525,112.5,0.348092
GHIP_0097,L01,tdip,dipole_dipole,L01_E17,657562.5,676615.0,151.05,L01_E18,657587.5,676615.0,151.25,L01_E19,657612.5,676615.0,151.45,L01_E20,657637.5,676615.0,151.65,1,1682.367,12.2816,530.8382,8.9252,120.0,780.0,11,1.0739,18.75,0.324393
GHIP_0098,L01,tdip,dipole_dipole,L01_E17,657562.5,676615.0,151.05,L01_E18,657587.5,676615.0,151.25,L01_E20,657637.5,676615.0,151.65,L01_E21,657662.5,676615.0,151.85,2,1629.808,11.5234,511.401,13.461,120.0,780.0,7,1.0181,37.5,0.502692
GHIP_0099,L01,tdip,dipole_dipole,L01_E17,657562.5,676615.0,151.05,L01_E18,657587.5,676615.0,151.25,L01_E21,657662.5,676615.0,151.85,L01_E22,657687.5,676615.0,152.05,3,1711.123,11.6517,505.0846,16.5157,120.0,780.0,7,3.4204,56.25,0.619572
GHIP_0100,L01,tdip,dipole_dipole,L01_E17,657562.5,676615.0,151.05,L01_E18,657587.5,676615.0,151.25,L01_E22,657687.5,676615.0,152.05,L01_E23,657712.5,676615.0,152.25,4,1659.596,11.5571,500.181,13.5283,120.0,780.0,7,1.0241,75.0,0.607351
GHIP_0101,L01,tdip,dipole_dipole,L01_E17,657562.5,676615.0,151.05,L01_E18,657587.5,676615.0,151.25,L01_E23,657712.5,676615.0,152.25,L01_E24,657737.5,676615.0,152.45,5,1658.471,11.5206,495.9271,13.0643,120.0,780.0,7,3.4434,93.75,0.473529
GHIP_0102,L01,tdip,dipole_dipole,L01_E17,657562.5,676615.0,151.05,L01_E18,657587.5,676615.0,151.25,L01_E24,657737.5,676615.0,152.45,L01_E25,657762.5,676615.0,152.65,6,1707.56,12.7682,558.4742,8.2111,120.0,780.0,9,0.3601,112.5,0.293638
GHIP_0103,L01,tdip,dipole_dipole,L01_E18,657587.5,676615.0,151.25,L01_E19,657612.5,676615.0,151.45,L01_E20,657637.5,676615.0,151.65,L01_E21,657662.5,676615.0,151.85,1,1687.82,12.9966,565.452,10.7935,120.0,780.0,9,1.1879,18.75,0.289255
GHIP_0104,L01,tdip,dipole_dipole,L01_E18,657587.5,676615.0,151.25,L01_E19,657612.5,676615.0,151.45,L01_E21,657662.5,676615.0,151.85,L01_E22,657687.5,676615.0,152.05,2,1685.602,12.142,529.3865,12.9106,120.0,780.0,9,1.6552,37.5,0.440029
GHIP_0105,L01,tdip,dipole_dipole,L01_E18,657587.5,676615.0,151.25,L01_E19,657612.5,676615.0,151.45,L01_E22,657687.5,676615.0,152.05,L01_E23,657712.5,676615.0,152.25,3,1627.819,12.2756,529.936,14.5641,120.0,780.0,7,1.4553,56.25,0.532403
GHIP_0106,L01,tdip,dipole_dipole,L01_E18,657587.5,676615.0,151.25,L01_E19,657612.5,676615.0,151.45,L01_E23,657712.5,676615.0,152.25,L01_E24,657737.5,676615.0,152.45,4,1655.957,11.8662,518.0189,13.1859,120.0,780.0,9,2.4203,75.0,0.51234
GHIP_0107,L01,tdip,dipole_dipole,L01_E18,657587.5,676615.0,151.25,L01_E19,657612.5,676615.0,151.45,L01_E24,657737.5,676615.0,152.45,L01_E25,657762.5,676615.0,152.65,5,1663.063,12.4681,538.7996,11.4208,120.0,780.0,7,0.3226,93.75,0.392134
GHIP_0108,L01,tdip,dipole_dipole,L01_E18,657587.5,676615.0,151.25,L01_E19,657612.5,676615.0,151.45,L01_E25,657762.5,676615.0,152.65,L01_E26,657787.5,676615.0,152.85,6,1651.454,13.1918,566.7865,8.6738,120.0,780.0,9,2.4752,112.5,0.23871
GHIP_0109,L01,tdip,dipole_dipole,L01_E19,657612.5,676615.0,151.45,L01_E20,657637.5,676615.0,151.65,L01_E21,657662.5,676615.0,151.85,L01_E22,657687.5,676615.0,152.05,1,1707.818,13.6681,590.2978,8.8667,120.0,780.0,9,0.9086,18.75,0.24856
GHIP_0110,L01,tdip,dipole_dipole,L01_E19,657612.5,676615.0,151.45,L01_E20,657637.5,676615.0,151.65,L01_E22,657687.5,676615.0,152.05,L01_E23,657712.5,676615.0,152.25,2,1632.311,12.141,526.8646,11.3003,120.0,780.0,9,2.3296,37.5,0.371193
GHIP_0111,L01,tdip,dipole_dipole,L01_E19,657612.5,676615.0,151.45,L01_E20,657637.5,676615.0,151.65,L01_E23,657712.5,676615.0,152.25,L01_E24,657737.5,676615.0,152.45,3,1631.754,12.2905,523.2653,12.3819,120.0,780.0,7,1.9164,56.25,0.440888
GHIP_0112,L01,tdip,dipole_dipole,L01_E19,657612.5,676615.0,151.45,L01_E20,657637.5,676615.0,151.65,L01_E24,657737.5,676615.0,152.45,L01_E25,657762.5,676615.0,152.65,4,1642.764,12.6149,552.0716,12.8741,120.0,780.0,6,2.321,75.0,0.416501
GHIP_0113,L01,tdip,dipole_dipole,L01_E19,657612.5,676615.0,151.45,L01_E20,657637.5,676615.0,151.65,L01_E25,657762.5,676615.0,152.65,L01_E26,657787.5,676615.0,152.85,5,1590.298,12.9018,563.0729,10.2026,120.0,780.0,9,2.9692,93.75,0.31294
GHIP_0114,L01,tdip,dipole_dipole,L01_E19,657612.5,676615.0,151.45,L01_E20,657637.5,676615.0,151.65,L01_E26,657787.5,676615.0,152.85,L01_E27,657812.5,676615.0,153.05,6,1658.6,13.5609,586.5506,7.7126,120.0,780.0,9,1.8253,112.5,0.18701
GHIP_0115,L01,tdip,dipole_dipole,L01_E20,657637.5,676615.0,151.65,L01_E21,657662.5,676615.0,151.85,L01_E22,657687.5,676615.0,152.05,L01_E23,657712.5,676615.0,152.25,1,1646.385,13.4919,585.2068,7.2133,120.0,780.0,10,3.0116,18.75,0.205835
GHIP_0116,L01,tdip,dipole_dipole,L01_E20,657637.5,676615.0,151.65,L01_E21,657662.5,676615.0,151.85,L01_E23,657712.5,676615.0,152.25,L01_E24,657737.5,676615.0,152.45,2,1659.85,12.8851,561.7284,10.8684,120.0,780.0,9,1.5866,37.5,0.301757
GHIP_0117,L01,tdip,dipole_dipole,L01_E20,657637.5,676615.0,151.65,L01_E21,657662.5,676615.0,151.85,L01_E24,657737.5,676615.0,152.45,L01_E25,657762.5,676615.0,152.65,3,1705.993,12.4008,540.7664,12.1443,120.0,780.0,7,0.7682,56.25,0.351848
GHIP_0118,L01,tdip,dipole_dipole,L01_E20,657637.5,676615.0,151.65,L01_E21,657662.5,676615.0,151.85,L01_E25,657762.5,676615.0,152.65,L01_E26,657787.5,676615.0,152.85,4,1690.088,12.9439,554.7471,9.2988,120.0,780.0,6,2.3126,75.0,0.326296
GHIP_0119,L01,tdip,dipole_dipole,L01_E20,657637.5,676615.0,151.65,L01_E21,657662.5,676615.0,151.85,L01_E26,657787.5,676615.0,152.85,L01_E27,657812.5,676615.0,153.05,5,1658.265,12.9504,562.5651,9.1231,120.0,780.0,9,0.9426,93.75,0.240673
GHIP_0120,L01,tdip,dipole_dipole,L01_E20,657637.5,676615.0,151.65,L01_E21,657662.5,676615.0,151.85,L01_E27,657812.5,676615.0,153.05,L01_E28,657837.5,676615.0,153.25,6,1655.449,13.1013,577.6532,7.362,120.0,780.0,7,4.359,112.5,0.141189
GHIP_0121,L01,tdip,dipole_dipole,L01_E21,657662.5,676615.0,151.85,L01_E22,657687.5,676615.0,152.05,L01_E23,657712.5,676615.0,152.25,L01_E24,657737.5,676615.0,152.45,1,1708.88,14.0752,598.2806,7.3192,120.0,780.0,8,2.2242,18.75,0.164265
GHIP_0122,L01,tdip,dipole_dipole,L01_E21,657662.5,676615.0,151.85,L01_E22,657687.5,676615.0,152.05,L01_E24,657737.5,676615.0,152.45,L01_E25,657762.5,676615.0,152.65,2,1684.635,13.138,569.8884,10.3438,120.0,780.0,6,0.821,37.5,0.236403
GHIP_0123,L01,tdip,dipole_dipole,L01_E21,657662.5,676615.0,151.85,L01_E22,657687.5,676615.0,152.05,L01_E25,657762.5,676615.0,152.65,L01_E26,657787.5,676615.0,152.85,3,1659.346,12.7075,539.9349,10.1816,120.0,780.0,6,0.9483,56.25,0.270596
GHIP_0124,L01,tdip,dipole_dipole,L01_E21,657662.5,676615.0,151.85,L01_E22,657687.5,676615.0,152.05,L01_E26,657787.5,676615.0,152.85,L01_E27,657812.5,676615.0,153.05,4,1718.153,13.0623,573.9933,9.3708,120.0,780.0,10,2.8432,75.0,0.246347
GHIP_0125,L01,tdip,dipole_dipole,L01_E21,657662.5,676615.0,151.85,L01_E22,657687.5,676615.0,152.05,L01_E27,657812.5,676615.0,153.05,L01_E28,657837.5,676615.0,153.25,5,1603.311,13.2963,566.7043,7.2711,120.0,780.0,4,2.8832,93.75,0.178374
GHIP_0126,L01,tdip,dipole_dipole,L01_E22,657687.5,676615.0,152.05,L01_E23,657712.5,676615.0,152.25,L01_E24,657737.5,676615.0,152.45,L01_E25,657762.5,676615.0,152.65,1,1627.176,13.453,583.4963,5.5351,120.0,780.0,7,2.6454,18.75,0.126331
GHIP_0127,L01,tdip,dipole_dipole,L01_E22,657687.5,676615.0,152.05,L01_E23,657712.5,676615.0,152.25,L01_E25,657762.5,676615.0,152.65,L01_E26,657787.5,676615.0,152.85,2,1690.784,13.623,592.5905,7.8038,120.0,780.0,11,1.8793,37.5,0.17848
GHIP_0128,L01,tdip,dipole_dipole,L01_E22,657687.5,676615.0,152.05,L01_E23,657712.5,676615.0,152.25,L01_E26,657787.5,676615.0,152.85,L01_E27,657812.5,676615.0,153.05,3,1701.936,13.3691,574.4665,7.7327,120.0,780.0,7,2.709,56.25,0.200551
GHIP_0129,L01,tdip,dipole_dipole,L01_E22,657687.5,676615.0,152.05,L01_E23,657712.5,676615.0,152.25,L01_E27,657812.5,676615.0,153.05,L01_E28,657837.5,676615.0,153.25,4,1639.198,13.9345,599.6933,9.2834,120.0,780.0,13,1.5746,75.0,0.179234
GHIP_0130,L01,tdip,dipole_dipole,L01_E23,657712.5,676615.0,152.25,L01_E24,657737.5,676615.0,152.45,L01_E25,657762.5,676615.0,152.65,L01_E26,657787.5,676615.0,152.85,1,1616.439,13.717,589.2771,5.5908,120.0,780.0,9,3.4132,18.75,0.09363
GHIP_0131,L01,tdip,dipole_dipole,L01_E23,657712.5,676615.0,152.25,L01_E24,657737.5,676615.0,152.45,L01_E26,657787.5,676615.0,152.85,L01_E27,657812.5,676615.0,153.05,2,1548.058,13.3591,591.3841,6.2889,120.0,780.0,6,1.2958,37.5,0.129856
GHIP_0132,L01,tdip,dipole_dipole,L01_E23,657712.5,676615.0,152.25,L01_E24,657737.5,676615.0,152.45,L01_E27,657812.5,676615.0,153.05,L01_E28,657837.5,676615.0,153.25,3,1600.557,13.6593,594.2452,6.3865,120.0,780.0,9,1.5181,56.25,0.143241
GHIP_0133,L01,tdip,dipole_dipole,L01_E24,657737.5,676615.0,152.45,L01_E25,657762.5,676615.0,152.65,L01_E26,657787.5,676615.0,152.85,L01_E27,657812.5,676615.0,153.05,1,1678.488,13.9811,600.0948,5.5404,120.0,780.0,7,2.545,18.75,0.066874
GHIP_0134,L01,tdip,dipole_dipole,L01_E24,657737.5,676615.0,152.45,L01_E25,657762.5,676615.0,152.65,L01_E27,657812.5,676615.0,153.05,L01_E28,657837.5,676615.0,153.25,2,1664.287,13.3088,582.5522,5.6042,120.0,780.0,7,1.6238,37.5,0.091049
GHIP_0135,L01,tdip,dipole_dipole,L01_E25,657762.5,676615.0,152.65,L01_E26,657787.5,676615.0,152.85,L01_E27,657812.5,676615.0,153.05,L01_E28,657837.5,676615.0,153.25,1,1709.83,14.3074,622.8601,7.1953,120.0,780.0,8,3.0161,18.75,0.04603
GHIP_0136,L02,tdip,dipole_dipole,L02_E01,657162.5,676640.0,148.3,L02_E02,657187.5,676640.0,148.5,L02_E03,657212.5,676640.0,148.7,L02_E04,657237.5,676640.0,148.9,1,1655.53,14.728,632.5538,3.3476,120.0,780.0,6,1.3325,18.75,0.015738
GHIP_0137,L02,tdip,dipole_dipole,L02_E01,657162.5,676640.0,148.3,L02_E02,657187.5,676640.0,148.5,L02_E04,657237.5,676640.0,148.9,L02_E05,657262.5,676640.0,149.1,2,1668.525,14.2096,608.9277,4.2832,120.0,780.0,7,1.7404,37.5,0.032786
GHIP_0138,L02,tdip,dipole_dipole,L02_E01,657162.5,676640.0,148.3,L02_E02,657187.5,676640.0,148.5,L02_E05,657262.5,676640.0,149.1,L02_E06,657287.5,676640.0,149.3,3,1641.189,13.5115,591.6628,7.1784,120.0,780.0,11,4.2019,56.25,0.05432
GHIP_0139,L02,tdip,dipole_dipole,L02_E01,657162.5,676640.0,148.3,L02_E02,657187.5,676640.0,148.5,L02_E06,657287.5,676640.0,149.3,L02_E07,657312.5,676640.0,149.5,4,1643.851,14.3851,609.4037,4.9742,120.0,780.0,8,1.1604,75.0,0.071581
GHIP_0140,L02,tdip,dipole_dipole,L02_E01,657162.5,676640.0,148.3,L02_E02,657187.5,676640.0,148.5,L02_E07,657312.5,676640.0,149.5,L02_E08,657337.5,676640.0,149.7,5,1637.721,14.1449,623.4835,6.7676,120.0,780.0,9,2.6339,93.75,0.075023
GHIP_0141,L02,tdip,dipole_dipole,L02_E01,657162.5,676640.0,148.3,L02_E02,657187.5,676640.0,148.5,L02_E08,657337.5,676640.0,149.7,L02_E09,657362.5,676640.0,149.9,6,1623.802,14.0911,604.5607,6.2264,120.0,780.0,7,2.4409,112.5,0.062539
GHIP_0142,L02,tdip,dipole_dipole,L02_E02,657187.5,676640.0,148.5,L02_E03,657212.5,676640.0,148.7,L02_E04,657237.5,676640.0,148.9,L02_E05,657262.5,676640.0,149.1,1,1655.739,14.2874,616.5824,5.5668,120.0,780.0,11,1.1889,18.75,0.02536
GHIP_0143,L02,tdip,dipole_dipole,L02_E02,657187.5,676640.0,148.5,L02_E03,657212.5,676640.0,148.7,L02_E05,657262.5,676640.0,149.1,L02_E06,657287.5,676640.0,149.3,2,1688.381,14.0265,609.8065,3.6095,120.0,780.0,7,1.2827,37.5,0.051861
GHIP_0144,L02,tdip,dipole_dipole,L02_E02,657187.5,676640.0,148.5,L02_E03,657212.5,676640.0,148.7,L02_E06,657287.5,676640.0,149.3,L02_E07,657312.5,676640.0,149.5,3,1585.964,13.8393,601.0436,8.0155,120.0,780.0,8,3.2549,56.25,0.084351
GHIP_0145,L02,tdip,dipole_dipole,L02_E02,657187.5,676640.0,148.5,L02_E03,657212.5,676640.0,148.7,L02_E07,657312.5,676640.0,149.5,L02_E08,657337.5,676640.0,149.7,4,1628.583,14.3603,609.7622,6.6662,120.0,780.0,7,2.1866,75.0,0.109118
GHIP_0146,L02,tdip,dipole_dipole,L02_E02,657187.5,676640.0,148.5,L02_E03,657212.5,676640.0,148.7,L02_E08,657337.5,676640.0,149.7,L02_E09,657362.5,676640.0,149.9,5,1626.213,13.6338,600.7143,6.8169,120.0,780.0,9,3.0866,93.75,0.11227
GHIP_0147,L02,tdip,dipole_dipole,L02_E02,657187.5,676640.0,148.5,L02_E03,657212.5,676640.0,148.7,L02_E09,657362.5,676640.0,149.9,L02_E10,657387.5,676640.0,150.1,6,1625.113,13.6885,598.4681,6.2661,120.0,780.0,9,2.6534,112.5,0.091873
GHIP_0148,L02,tdip,dipole_dipole,L02_E03,657212.5,676640.0,148.7,L02_E04,657237.5,676640.0,148.9,L02_E05,657262.5,676640.0,149.1,L02_E06,657287.5,676640.0,149.3,1,1667.677,14.4223,634.4595,4.7283,120.0,780.0,9,2.7266,18.75,0.03938
GHIP_0149,L02,tdip,dipole_dipole,L02_E03,657212.5,676640.0,148.7,L02_E04,657237.5,676640.0,148.9,L02_E06,657287.5,676640.0,149.3,L02_E07,657312.5,676640.0,149.5,2,1680.689,14.1676,618.8585,7.0076,120.0,780.0,8,1.5147,37.5,0.079057
GHIP_0150,L02,tdip,dipole_dipole,L02_E03,657212.5,676640.0,148.7,L02_E04,657237.5,676640.0,148.9,L02_E07,657312.5,676640.0,149.5,L02_E08,657337.5,676640.0,149.7,3,1650.715,13.3294,580.5255,8.2137,120.0,780.0,11,3.1831,56.25,0.126229
GHIP_0151,L02,tdip,dipole_dipole,L02_E03,657212.5,676640.0,148.7,L02_E04,657237.5,676640.0,148.9,L02_E08,657337.5,676640.0,149.7,L02_E09,657362.5,676640.0,149.9,4,1671.856,14.2096,604.7521,8.1986,120.0,780.0,7,2.5704,75.0,0.1603
GHIP_0152,L02,tdip,dipole_dipole,L02_E03,657212.5,676640.0,148.7,L02_E04,657237.5,676640.0,148.9,L02_E09,657362.5,676640.0,149.9,L02_E10,657387.5,676640.0,150.1,5,1669.916,13.3284,580.454,7.4851,120.0,780.0,7,2.2062,93.75,0.161909
GHIP_0153,L02,tdip,dipole_dipole,L02_E03,657212.5,676640.0,148.7,L02_E04,657237.5,676640.0,148.9,L02_E10,657387.5,676640.0,150.1,L02_E11,657412.5,676640.0,150.3,6,1624.723,13.7758,600.017,6.3824,120.0,780.0,7,3.2784,112.5,0.130066
GHIP_0154,L02,tdip,dipole_dipole,L02_E04,657237.5,676640.0,148.9,L02_E05,657262.5,676640.0,149.1,L02_E06,657287.5,676640.0,149.3,L02_E07,657312.5,676640.0,149.5,1,1717.603,14.0525,604.561,5.5107,120.0,780.0,6,3.5958,18.75,0.058932
GHIP_0155,L02,tdip,dipole_dipole,L02_E04,657237.5,676640.0,148.9,L02_E05,657262.5,676640.0,149.1,L02_E07,657312.5,676640.0,149.5,L02_E08,657337.5,676640.0,149.7,2,1579.148,13.4538,586.5248,6.7713,120.0,780.0,9,3.1138,37.5,0.116139
GHIP_0156,L02,tdip,dipole_dipole,L02_E04,657237.5,676640.0,148.9,L02_E05,657262.5,676640.0,149.1,L02_E08,657337.5,676640.0,149.7,L02_E09,657362.5,676640.0,149.9,3,1659.666,13.1047,573.1139,5.4111,120.0,780.0,8,1.8571,56.25,0.182039
GHIP_0157,L02,tdip,dipole_dipole,L02_E04,657237.5,676640.0,148.9,L02_E05,657262.5,676640.0,149.1,L02_E09,657362.5,676640.0,149.9,L02_E10,657387.5,676640.0,150.1,4,1610.259,13.5873,588.8067,9.5254,120.0,780.0,8,2.0722,75.0,0.226939
GHIP_0158,L02,tdip,dipole_dipole,L02_E04,657237.5,676640.0,148.9,L02_E05,657262.5,676640.0,149.1,L02_E10,657387.5,676640.0,150.1,L02_E11,657412.5,676640.0,150.3,5,1675.282,13.6124,585.6151,7.6337,120.0,780.0,9,4.5738,93.75,0.225016
GHIP_0159,L02,tdip,dipole_dipole,L02_E04,657237.5,676640.0,148.9,L02_E05,657262.5,676640.0,149.1,L02_E11,657412.5,676640.0,150.3,L02_E12,657437.5,676640.0,150.5,6,1528.435,13.1491,570.189,8.0581,120.0,780.0,9,4.2993,112.5,0.177451
GHIP_0160,L02,tdip,dipole_dipole,L02_E05,657262.5,676640.0,149.1,L02_E06,657287.5,676640.0,149.3,L02_E07,657312.5,676640.0,149.5,L02_E08,657337.5,676640.0,149.7,1,1695.131,14.6487,618.4231,5.5218,120.0,780.0,8,0.132,18.75,0.084987
GHIP_0161,L02,tdip,dipole_dipole,L02_E05,657262.5,676640.0,149.1,L02_E06,657287.5,676640.0,149.3,L02_E08,657337.5,676640.0,149.7,L02_E09,657362.5,676640.0,149.9,2,1649.599,13.2373,575.0896,7.2865,120.0,780.0,7,25.9,37.5,0.164419
GHIP_0162,L02,tdip,dipole_dipole,L02_E05,657262.5,676640.0,149.1,L02_E06,657287.5,676640.0,149.3,L02_E09,657362.5,676640.0,149.9,L02_E10,657387.5,676640.0,150.1,3,1637.792,13.509,575.4084,9.9735,120.0,780.0,7,4.2486,56.25,0.252993
GHIP_0163,L02,tdip,dipole_dipole,L02_E05,657262.5,676640.0,149.1,L02_E06,657287.5,676640.0,149.3,L02_E10,657387.5,676640.0,150.1,L02_E11,657412.5,676640.0,150.3,4,1655.047,12.5325,541.7783,10.1412,120.0,780.0,8,3.6369,75.0,0.309616
GHIP_0164,L02,tdip,dipole_dipole,L02_E05,657262.5,676640.0,149.1,L02_E06,657287.5,676640.0,149.3,L02_E11,657412.5,676640.0,150.3,L02_E12,657437.5,676640.0,150.5,5,1616.171,13.1554,565.1889,-2.6939,120.0,780.0,9,0.8353,93.75,0.301368
GHIP_0165,L02,tdip,dipole_dipole,L02_E05,657262.5,676640.0,149.1,L02_E06,657287.5,676640.0,149.3,L02_E12,657437.5,676640.0,150.5,L02_E13,657462.5,676640.0,150.7,6,1613.633,13.1297,563.9337,7.5414,120.0,780.0,8,2.7466,112.5,0.233308
GHIP_0166,L02,tdip,dipole_dipole,L02_E06,657287.5,676640.0,149.3,L02_E07,657312.5,676640.0,149.5,L02_E08,657337.5,676640.0,149.7,L02_E09,657362.5,676640.0,149.9,1,1632.49,13.7625,605.0954,8.3049,120.0,780.0,4,0.1769,18.75,0.118113
GHIP_0167,L02,tdip,dipole_dipole,L02_E06,657287.5,676640.0,149.3,L02_E07,657312.5,676640.0,149.5,L02_E09,657362.5,676640.0,149.9,L02_E10,657387.5,676640.0,150.1,2,1662.932,13.1084,559.0855,6.8606,120.0,780.0,7,1.8391,37.5,0.224319
GHIP_0168,L02,tdip,dipole_dipole,L02_E06,657287.5,676640.0,149.3,L02_E07,657312.5,676640.0,149.5,L02_E10,657387.5,676640.0,150.1,L02_E11,657412.5,676640.0,150.3,3,1613.878,12.5397,547.6814,11.5469,120.0,780.0,9,1.5497,56.25,0.338838
GHIP_0169,L02,tdip,dipole_dipole,L02_E06,657287.5,676640.0,149.3,L02_E07,657312.5,676640.0,149.5,L02_E11,657412.5,676640.0,150.3,L02_E12,657437.5,676640.0,150.5,4,1609.086,12.3672,526.1585,10.9112,120.0,780.0,10,2.5582,75.0,0.407077
GHIP_0170,L02,tdip,dipole_dipole,L02_E06,657287.5,676640.0,149.3,L02_E07,657312.5,676640.0,149.5,L02_E12,657437.5,676640.0,150.5,L02_E13,657462.5,676640.0,150.7,5,1691.968,12.8474,550.5129,10.5716,120.0,780.0,6,2.5809,93.75,0.388973
GHIP_0171,L02,tdip,dipole_dipole,L02_E06,657287.5,676640.0,149.3,L02_E07,657312.5,676640.0,149.5,L02_E13,657462.5,676640.0,150.7,L02_E14,657487.5,676640.0,150.9,6,1613.19,12.761,548.8766,8.5082,120.0,780.0,7,3.4858,112.5,0.295612
GHIP_0172,L02,tdip,dipole_dipole,L02_E07,657312.5,676640.0,149.5,L02_E08,657337.5,676640.0,149.7,L02_E09,657362.5,676640.0,149.9,L02_E10,657387.5,676640.0,150.1,1,1575.519,13.8487,610.861,8.1285,120.0,780.0,5,2.768,18.75,0.158191
GHIP_0173,L02,tdip,dipole_dipole,L02_E07,657312.5,676640.0,149.5,L02_E08,657337.5,676640.0,149.7,L02_E10,657387.5,676640.0,150.1,L02_E11,657412.5,676640.0,150.3,2,1683.533,13.5514,584.4185,8.8816,120.0,780.0,7,2.1759,37.5,0.294929
GHIP_0174,L02,tdip,dipole_dipole,L02_E07,657312.5,676640.0,149.5,L02_E08,657337.5,676640.0,149.7,L02_E11,657412.5,676640.0,150.3,L02_E12,657437.5,676640.0,150.5,3,1638.123,11.7681,502.9181,11.6868,120.0,780.0,6,4.116,56.25,0.437334
GHIP_0175,L02,tdip,dipole_dipole,L02_E07,657312.5,676640.0,149.5,L02_E08,657337.5,676640.0,149.7,L02_E12,657437.5,676640.0,150.5,L02_E13,657462.5,676640.0,150.7,4,1579.61,11.7746,507.9853,15.2419,120.0,780.0,10,1.1729,75.0,0.515784
GHIP_0176,L02,tdip,dipole_dipole,L02_E07,657312.5,676640.0,149.5,L02_E08,657337.5,676640.0,149.7,L02_E13,657462.5,676640.0,150.7,L02_E14,657487.5,676640.0,150.9,5,1641.839,11.6066,501.7441,13.0029,120.0,780.0,8,2.0642,93.75,0.483817
GHIP_0177,L02,tdip,dipole_dipole,L02_E07,657312.5,676640.0,149.5,L02_E08,657337.5,676640.0,149.7,L02_E14,657487.5,676640.0,150.9,L02_E15,657512.5,676640.0,151.1,6,1690.085,12.861,560.6414,-2.8105,120.0,780.0,9,2.5301,112.5,0.360954
GHIP_0178,L02,tdip,dipole_dipole,L02_E08,657337.5,676640.0,149.7,L02_E09,657362.5,676640.0,149.9,L02_E10,657387.5,676640.0,150.1,L02_E11,657412.5,676640.0,150.3,1,1586.031,13.529,583.4954,7.9314,120.0,780.0,8,2.2004,18.75,0.204175
GHIP_0179,L02,tdip,dipole_dipole,L02_E08,657337.5,676640.0,149.7,L02_E09,657362.5,676640.0,149.9,L02_E11,657412.5,676640.0,150.3,L02_E12,657437.5,676640.0,150.5,2,1631.965,12.8536,552.8345,12.078,120.0,780.0,6,2.2986,37.5,0.373689
GHIP_0180,L02,tdip,dipole_dipole,L02_E08,657337.5,676640.0,149.7,L02_E09,657362.5,676640.0,149.9,L02_E12,657437.5,676640.0,150.5,L02_E13,657462.5,676640.0,150.7,3,1645.031,11.9132,518.8943,16.1017,120.0,780.0,8,2.4549,56.25,0.54397
GHIP_0181,L02,tdip,dipole_dipole,L02_E08,657337.5,676640.0,149.7,L02_E09,657362.5,676640.0,149.9,L02_E13,657462.5,676640.0,150.7,L02_E14,657487.5,676640.0,150.9,4,1689.651,11.3726,487.6758,16.239,120.0,780.0,6,2.8777,75.0,0.629794
GHIP_0182,L02,tdip,dipole_dipole,L02_E08,657337.5,676640.0,149.7,L02_E09,657362.5,676640.0,149.9,L02_E14,657487.5,676640.0,150.9,L02_E15,657512.5,676640.0,151.1,5,1623.631,12.0925,517.3194,15.0578,120.0,780.0,11,1.965,93.75,0.579937
GHIP_0183,L02,tdip,dipole_dipole,L02_E08,657337.5,676640.0,149.7,L02_E09,657362.5,676640.0,149.9,L02_E15,657512.5,676640.0,151.1,L02_E16,657537.5,676640.0,151.3,6,1709.85,12.2521,520.8899,10.7765,120.0,780.0,11,2.5357,112.5,0.424738
GHIP_0184,L02,tdip,dipole_dipole,L02_E09,657362.5,676640.0,149.9,L02_E10,657387.5,676640.0,150.1,L02_E11,657412.5,676640.0,150.3,L02_E12,657437.5,676640.0,150.5,1,1604.891,13.4652,582.6376,8.6518,120.0,780.0,9,1.7879,18.75,0.253959
GHIP_0185,L02,tdip,dipole_dipole,L02_E09,657362.5,676640.0,149.9,L02_E10,657387.5,676640.0,150.1,L02_E12,657437.5,676640.0,150.5,L02_E13,657462.5,676640.0,150.7,2,1652.18,11.7112,520.1024,12.3985,120.0,780.0,8,0.9495,37.5,0.456289
GHIP_0186,L02,tdip,dipole_dipole,L02_E09,657362.5,676640.0,149.9,L02_E10,657387.5,676640.0,150.1,L02_E13,657462.5,676640.0,150.7,L02_E14,657487.5,676640.0,150.9,3,1630.621,10.9078,471.4985,15.7729,120.0,780.0,7,0.5079,56.25,0.65204
GHIP_0187,L02,tdip,dipole_dipole,L02_E09,657362.5,676640.0,149.9,L02_E10,657387.5,676640.0,150.1,L02_E14,657487.5,676640.0,150.9,L02_E15,657512.5,676640.0,151.1,4,1699.064,10.4556,459.3704,17.17,120.0,780.0,8,1.5302,75.0,0.741084
GHIP_0188,L02,tdip,dipole_dipole,L02_E09,657362.5,676640.0,149.9,L02_E10,657387.5,676640.0,150.1,L02_E15,657512.5,676640.0,151.1,L02_E16,657537.5,676640.0,151.3,5,1670.934,11.2959,488.9738,17.0208,120.0,780.0,10,0.2539,93.75,0.669914
GHIP_0189,L02,tdip,dipole_dipole,L02_E09,657362.5,676640.0,149.9,L02_E10,657387.5,676640.0,150.1,L02_E16,657537.5,676640.0,151.3,L02_E17,657562.5,676640.0,151.5,6,1680.833,12.368,531.1705,12.6262,120.0,780.0,12,2.7294,112.5,0.481648
GHIP_0190,L02,tdip,dipole_dipole,L02_E10,657387.5,676640.0,150.1,L02_E11,657412.5,676640.0,150.3,L02_E12,657437.5,676640.0,150.5,L02_E13,657462.5,676640.0,150.7,1,1635.603,12.5454,557.7768,10.0702,120.0,780.0,9,2.4527,18.75,0.304414
GHIP_0191,L02,tdip,dipole_dipole,L02_E10,657387.5,676640.0,150.1,L02_E11,657412.5,676640.0,150.3,L02_E13,657462.5,676640.0,150.7,L02_E14,657487.5,676640.0,150.9,2,1620.148,11.7264,517.5418,14.5225,120.0,780.0,9,0.2358,37.5,0.53692
GHIP_0192,L02,tdip,dipole_dipole,L02_E10,657387.5,676640.0,150.1,L02_E11,657412.5,676640.0,150.3,L02_E14,657487.5,676640.0,150.9,L02_E15,657512.5,676640.0,151.1,3,1637.869,10.2504,447.2413,19.0847,120.0,780.0,7,1.9927,56.25,0.753205
GHIP_0193,L02,tdip,dipole_dipole,L02_E10,657387.5,676640.0,150.1,L02_E11,657412.5,676640.0,150.3,L02_E15,657512.5,676640.0,151.1,L02_E16,657537.5,676640.0,151.3,4,1677.494,9.6325,426.9368,19.0854,120.0,780.0,7,2.2494,75.0,0.84038
GHIP_0194,L02,tdip,dipole_dipole,L02_E10,657387.5,676640.0,150.1,L02_E11,657412.5,676640.0,150.3,L02_E16,657537.5,676640.0,151.3,L02_E17,657562.5,676640.0,151.5,5,1698.288,11.0984,480.4587,17.4081,120.0,780.0,7,2.4536,93.75,0.745756
GHIP_0195,L02,tdip,dipole_dipole,L02_E10,657387.5,676640.0,150.1,L02_E11,657412.5,676640.0,150.3,L02_E17,657562.5,676640.0,151.5,L02_E18,657587.5,676640.0,151.7,6,1670.733,11.263,491.9507,14.1081,120.0,780.0,7,2.5389,112.5,0.526352
GHIP_0196,L02,tdip,dipole_dipole,L02_E11,657412.5,676640.0,150.3,L02_E12,657437.5,676640.0,150.5,L02_E13,657462.5,676640.0,150.7,L02_E14,657487.5,676640.0,150.9,1,1683.204,12.3152,543.2161,11.7743,120.0,780.0,7,3.0164,18.75,0.351644
GHIP_0197,L02,tdip,dipole_dipole,L02_E11,657412.5,676640.0,150.3,L02_E12,657437.5,676640.0,150.5,L02_E14,657487.5,676640.0,150.9,L02_E15,657512.5,676640.0,151.1,2,1657.524,11.3739,474.3569,15.8565,120.0,780.0,8,2.4283,37.5,0.60886
GHIP_0198,L02,tdip,dipole_dipole,L02_E11,657412.5,676640.0,150.3,L02_E12,657437.5,676640.0,150.5,L02_E15,657512.5,676640.0,151.1,L02_E16,657537.5,676640.0,151.3,3,1656.6,10.4809,454.646,20.6262,120.0,780.0,8,2.838,56.25,0.838476
GHIP_0199,L02,tdip,dipole_dipole,L02_E11,657412.5,676640.0,150.3,L02_E12,657437.5,676640.0,150.5,L02_E16,657537.5,676640.0,151.3,L02_E17,657562.5,676640.0,151.5,4,1706.783,10.0323,435.1592,20.3279,120.0,780.0,7,2.3406,75.0,0.91838
GHIP_0200,L02,tdip,dipole_dipole,L02_E11,657412.5,676640.0,150.3,L02_E12,657437.5,676640.0,150.5,L02_E17,657562.5,676640.0,151.5,L02_E18,657587.5,676640.0,151.7,5,1707.225,10.9236,463.7825,18.9421,120.0,780.0,7,2.5893,93.75,0.800042
GHIP_0201,L02,tdip,dipole_dipole,L02_E11,657412.5,676640.0,150.3,L02_E12,657437.5,676640.0,150.5,L02_E18,657587.5,676640.0,151.7,L02_E19,657612.5,676640.0,151.9,6,1713.945,10.886,469.7053,14.5527,120.0,780.0,7,2.7886,112.5,0.554322
GHIP_0202,L02,tdip,dipole_dipole,L02_E12,657437.5,676640.0,150.5,L02_E13,657462.5,676640.0,150.7,L02_E14,657487.5,676640.0,150.9,L02_E15,657512.5,676640.0,151.1,1,1724.311,12.5856,551.5577,12.2743,120.0,780.0,6,0.6633,18.75,0.391454
GHIP_0203,L02,tdip,dipole_dipole,L02_E12,657437.5,676640.0,150.5,L02_E13,657462.5,676640.0,150.7,L02_E15,657512.5,676640.0,151.1,L02_E16,657537.5,676640.0,151.3,2,1607.283,11.1331,484.0785,16.3109,120.0,780.0,7,2.3605,37.5,0.665372
GHIP_0204,L02,tdip,dipole_dipole,L02_E12,657437.5,676640.0,150.5,L02_E13,657462.5,676640.0,150.7,L02_E16,657537.5,676640.0,151.3,L02_E17,657562.5,676640.0,151.5,3,1621.751,10.4898,450.2585,20.5142,120.0,780.0,9,1.8548,56.25,0.899512
GHIP_0205,L02,tdip,dipole_dipole,L02_E12,657437.5,676640.0,150.5,L02_E13,657462.5,676640.0,150.7,L02_E17,657562.5,676640.0,151.5,L02_E18,657587.5,676640.0,151.7,4,1623.367,9.5884,418.5396,21.8384,120.0,780.0,7,2.7645,75.0,0.967182
GHIP_0206,L02,tdip,dipole_dipole,L02_E12,657437.5,676640.0,150.5,L02_E13,657462.5,676640.0,150.7,L02_E18,657587.5,676640.0,151.7,L02_E19,657612.5,676640.0,151.9,5,1565.613,10.4406,454.5377,19.6427,120.0,780.0,8,1.5055,93.75,0.827119
GHIP_0207,L02,tdip,dipole_dipole,L02_E12,657437.5,676640.0,150.5,L02_E13,657462.5,676640.0,150.7,L02_E19,657612.5,676640.0,151.9,L02_E20,657637.5,676640.0,152.1,6,1623.059,11.7823,505.2181,14.9616,120.0,780.0,9,1.5574,112.5,0.562583
GHIP_0208,L02,tdip,dipole_dipole,L02_E13,657462.5,676640.0,150.7,L02_E14,657487.5,676640.0,150.9,L02_E15,657512.5,676640.0,151.1,L02_E16,657537.5,676640.0,151.3,1,1625.241,11.9746,519.5499,11.824,120.0,780.0,8,0.2694,18.75,0.419949
GHIP_0209,L02,tdip,dipole_dipole,L02_E13,657462.5,676640.0,150.7,L02_E14,657487.5,676640.0,150.9,L02_E16,657537.5,676640.0,151.3,L02_E17,657562.5,676640.0,151.5,2,1704.261,11.1228,483.9283,17.8058,120.0,780.0,9,3.1223,37.5,0.700729
GHIP_0210,L02,tdip,dipole_dipole,L02_E13,657462.5,676640.0,150.7,L02_E14,657487.5,676640.0,150.9,L02_E17,657562.5,676640.0,151.5,L02_E18,657587.5,676640.0,151.7,3,1671.876,10.5583,454.4025,21.1271,120.0,780.0,8,4.2158,56.25,0.929955
GHIP_0211,L02,tdip,dipole_dipole,L02_E13,657462.5,676640.0,150.7,L02_E14,657487.5,676640.0,150.9,L02_E18,657587.5,676640.0,151.7,L02_E19,657612.5,676640.0,151.9,4,1639.069,9.7322,421.8125,21.8563,120.0,780.0,8,1.8278,75.0,0.981596
GHIP_0212,L02,tdip,dipole_dipole,L02_E13,657462.5,676640.0,150.7,L02_E14,657487.5,676640.0,150.9,L02_E19,657612.5,676640.0,151.9,L02_E20,657637.5,676640.0,152.1,5,1639.872,9.8877,433.5018,19.3053,120.0,780.0,7,1.6688,93.75,0.824066
GHIP_0213,L02,tdip,dipole_dipole,L02_E13,657462.5,676640.0,150.7,L02_E14,657487.5,676640.0,150.9,L02_E20,657637.5,676640.0,152.1,L02_E21,657662.5,676640.0,152.3,6,1689.023,12.1954,515.7468,15.4715,120.0,780.0,9,0.2004,112.5,0.550237
GHIP_0214,L02,tdip,dipole_dipole,L02_E14,657487.5,676640.0,150.9,L02_E15,657512.5,676640.0,151.1,L02_E16,657537.5,676640.0,151.3,L02_E17,657562.5,676640.0,151.5,1,1682.036,11.6222,508.0689,13.496,120.0,780.0,8,1.3068,18.75,0.434162
GHIP_0215,L02,tdip,dipole_dipole,L02_E14,657487.5,676640.0,150.9,L02_E15,657512.5,676640.0,151.1,L02_E17,657562.5,676640.0,151.5,L02_E18,657587.5,676640.0,151.7,2,1695.519,11.0235,480.4089,16.391,120.0,780.0,7,1.44,37.5,0.711172
GHIP_0216,L02,tdip,dipole_dipole,L02_E14,657487.5,676640.0,150.9,L02_E15,657512.5,676640.0,151.1,L02_E18,657587.5,676640.0,151.7,L02_E19,657612.5,676640.0,151.9,3,1634.186,9.6166,423.6262,21.5605,120.0,780.0,8,0.8942,56.25,0.926522
GHIP_0217,L02,tdip,dipole_dipole,L02_E14,657487.5,676640.0,150.9,L02_E15,657512.5,676640.0,151.1,L02_E19,657612.5,676640.0,151.9,L02_E20,657637.5,676640.0,152.1,4,1646.233,10.011,426.3505,21.3269,120.0,780.0,8,3.3042,75.0,0.960054
GHIP_0218,L02,tdip,dipole_dipole,L02_E14,657487.5,676640.0,150.9,L02_E15,657512.5,676640.0,151.1,L02_E20,657637.5,676640.0,152.1,L02_E21,657662.5,676640.0,152.3,5,1661.623,10.8376,466.2946,17.5108,120.0,780.0,5,2.6621,93.75,0.791215
GHIP_0219,L02,tdip,dipole_dipole,L02_E14,657487.5,676640.0,150.9,L02_E15,657512.5,676640.0,151.1,L02_E21,657662.5,676640.0,152.3,L02_E22,657687.5,676640.0,152.5,6,1598.801,11.6432,506.2816,13.4117,120.0,780.0,9,3.4083,112.5,0.518623
GHIP_0220,L02,tdip,dipole_dipole,L02_E15,657512.5,676640.0,151.1,L02_E16,657537.5,676640.0,151.3,L02_E17,657562.5,676640.0,151.5,L02_E18,657587.5,676640.0,151.7,1,1551.239,12.2336,533.8369,12.0719,120.0,780.0,9,3.6325,18.75,0.432559
GHIP_0221,L02,tdip,dipole_dipole,L02_E15,657512.5,676640.0,151.1,L02_E16,657537.5,676640.0,151.3,L02_E18,657587.5,676640.0,151.7,L02_E19,657612.5,676640.0,151.9,2,1647.267,11.1013,476.9052,16.1891,120.0,780.0,8,2.5171,37.5,0.695565
GHIP_0222,L02,tdip,dipole_dipole,L02_E15,657512.5,676640.0,151.1,L02_E16,657537.5,676640.0,151.3,L02_E19,657612.5,676640.0,151.9,L02_E20,657637.5,676640.0,152.1,3,1554.665,9.5147,419.1156,21.5634,120.0,780.0,7,1.141,56.25,0.889587
GHIP_0223,L02,tdip,dipole_dipole,L02_E15,657512.5,676640.0,151.1,L02_E16,657537.5,676640.0,151.3,L02_E20,657637.5,676640.0,152.1,L02_E21,657662.5,676640.0,152.3,4,1527.692,9.851,425.802,21.0214,120.0,780.0,7,2.2111,75.0,0.904895
GHIP_0224,L02,tdip,dipole_dipole,L02_E15,657512.5,676640.0,151.1,L02_E16,657537.5,676640.0,151.3,L02_E21,657662.5,676640.0,152.3,L02_E22,657687.5,676640.0,152.5,5,1685.332,11.4566,504.6058,18.6035,120.0,780.0,10,4.2867,93.75,0.732093
GHIP_0225,L02,tdip,dipole_dipole,L02_E15,657512.5,676640.0,151.1,L02_E16,657537.5,676640.0,151.3,L02_E22,657687.5,676640.0,152.5,L02_E23,657712.5,676640.0,152.7,6,1588.926,12.017,513.1451,13.2791,120.0,780.0,7,0.436,112.5,0.471078
GHIP_0226,L02,tdip,dipole_dipole,L02_E16,657537.5,676640.0,151.3,L02_E17,657562.5,676640.0,151.5,L02_E18,657587.5,676640.0,151.7,L02_E19,657612.5,676640.0,151.9,1,1722.29,12.9701,557.2361,10.5138,120.0,780.0,11,1.1515,18.75,0.415316
GHIP_0227,L02,tdip,dipole_dipole,L02_E16,657537.5,676640.0,151.3,L02_E17,657562.5,676640.0,151.5,L02_E19,657612.5,676640.0,151.9,L02_E20,657637.5,676640.0,152.1,2,1623.984,11.1309,475.732,17.2079,120.0,780.0,6,2.1205,37.5,0.655601
GHIP_0228,L02,tdip,dipole_dipole,L02_E16,657537.5,676640.0,151.3,L02_E17,657562.5,676640.0,151.5,L02_E20,657637.5,676640.0,152.1,L02_E21,657662.5,676640.0,152.3,3,1588.512,10.0116,430.5953,21.6268,120.0,780.0,9,3.4566,56.25,0.823114
GHIP_0229,L02,tdip,dipole_dipole,L02_E16,657537.5,676640.0,151.3,L02_E17,657562.5,676640.0,151.5,L02_E21,657662.5,676640.0,152.3,L02_E22,657687.5,676640.0,152.5,4,1551.149,10.1993,446.6832,18.7231,120.0,780.0,7,3.0553,75.0,0.821938
GHIP_0230,L02,tdip,dipole_dipole,L02_E16,657537.5,676640.0,151.3,L02_E17,657562.5,676640.0,151.5,L02_E22,657687.5,676640.0,152.5,L02_E23,657712.5,676640.0,152.7,5,1682.132,11.3412,488.437,15.5482,120.0,780.0,9,2.935,93.75,0.652794
GHIP_0231,L02,tdip,dipole_dipole,L02_E16,657537.5,676640.0,151.3,L02_E17,657562.5,676640.0,151.5,L02_E23,657712.5,676640.0,152.7,L02_E24,657737.5,676640.0,152.9,6,1661.001,12.1339,525.276,11.9509,120.0,780.0,8,2.3652,112.5,0.412356
GHIP_0232,L02,tdip,dipole_dipole,L02_E17,657562.5,676640.0,151.5,L02_E18,657587.5,676640.0,151.7,L02_E19,657612.5,676640.0,151.9,L02_E20,657637.5,676640.0,152.1,1,1673.155,13.0105,563.3655,11.8237,120.0,780.0,9,0.4932,18.75,0.384282
GHIP_0233,L02,tdip,dipole_dipole,L02_E17,657562.5,676640.0,151.5,L02_E18,657587.5,676640.0,151.7,L02_E20,657637.5,676640.0,152.1,L02_E21,657662.5,676640.0,152.3,2,1663.93,12.1904,515.6192,15.3246,120.0,780.0,5,3.4736,37.5,0.595499
GHIP_0234,L02,tdip,dipole_dipole,L02_E17,657562.5,676640.0,151.5,L02_E18,657587.5,676640.0,151.7,L02_E21,657662.5,676640.0,152.3,L02_E22,657687.5,676640.0,152.5,3,1597.879,10.3909,458.1532,18.6899,120.0,780.0,9,2.1369,56.25,0.733957
GHIP_0235,L02,tdip,dipole_dipole,L02_E17,657562.5,676640.0,151.5,L02_E18,657587.5,676640.0,151.7,L02_E22,657687.5,676640.0,152.5,L02_E23,657712.5,676640.0,152.7,4,1599.167,10.6295,458.9061,18.189,120.0,780.0,8,2.3147,75.0,0.71948
GHIP_0236,L02,tdip,dipole_dipole,L02_E17,657562.5,676640.0,151.5,L02_E18,657587.5,676640.0,151.7,L02_E23,657712.5,676640.0,152.7,L02_E24,657737.5,676640.0,152.9,5,1593.667,11.5778,497.5054,15.9582,120.0,780.0,5,3.1215,93.75,0.560952
GHIP_0237,L02,tdip,dipole_dipole,L02_E17,657562.5,676640.0,151.5,L02_E18,657587.5,676640.0,151.7,L02_E24,657737.5,676640.0,152.9,L02_E25,657762.5,676640.0,153.1,6,1581.45,12.2358,534.5767,9.4074,120.0,780.0,7,3.3782,112.5,0.347849
GHIP_0238,L02,tdip,dipole_dipole,L02_E18,657587.5,676640.0,151.7,L02_E19,657612.5,676640.0,151.9,L02_E20,657637.5,676640.0,152.1,L02_E21,657662.5,676640.0,152.3,1,1664.249,12.6586,544.9422,10.7106,120.0,780.0,9,1.7287,18.75,0.342657
GHIP_0239,L02,tdip,dipole_dipole,L02_E18,657587.5,676640.0,151.7,L02_E19,657612.5,676640.0,151.9,L02_E21,657662.5,676640.0,152.3,L02_E22,657687.5,676640.0,152.5,2,1684.445,12.2322,518.8761,14.8516,120.0,780.0,7,0.6586,37.5,0.521267
GHIP_0240,L02,tdip,dipole_dipole,L02_E18,657587.5,676640.0,151.7,L02_E19,657612.5,676640.0,151.9,L02_E22,657687.5,676640.0,152.5,L02_E23,657712.5,676640.0,152.7,3,1684.742,11.1356,493.762,16.3189,120.0,780.0,11,1.7764,56.25,0.630695
GHIP_0241,L02,tdip,dipole_dipole,L02_E18,657587.5,676640.0,151.7,L02_E19,657612.5,676640.0,151.9,L02_E23,657712.5,676640.0,152.7,L02_E24,657737.5,676640.0,152.9,4,1753.396,11.7952,500.507,16.344,120.0,780.0,10,2.5691,75.0,0.606928
GHIP_0242,L02,tdip,dipole_dipole,L02_E18,657587.5,676640.0,151.7,L02_E19,657612.5,676640.0,151.9,L02_E24,657737.5,676640.0,152.9,L02_E25,657762.5,676640.0,153.1,5,1653.692,11.8959,512.7897,14.9087,120.0,780.0,9,0.1445,93.75,0.46453
GHIP_0243,L02,tdip,dipole_dipole,L02_E18,657587.5,676640.0,151.7,L02_E19,657612.5,676640.0,151.9,L02_E25,657762.5,676640.0,153.1,L02_E26,657787.5,676640.0,153.3,6,1594.399,12.77,553.92,6.7813,120.0,780.0,7,1.5994,112.5,0.28278
GHIP_0244,L02,tdip,dipole_dipole,L02_E19,657612.5,676640.0,151.9,L02_E20,657637.5,676640.0,152.1,L02_E21,657662.5,676640.0,152.3,L02_E22,657687.5,676640.0,152.5,1,1629.005,12.8526,559.0964,10.2314,120.0,780.0,8,0.1243,18.75,0.294448
GHIP_0245,L02,tdip,dipole_dipole,L02_E19,657612.5,676640.0,151.9,L02_E20,657637.5,676640.0,152.1,L02_E22,657687.5,676640.0,152.5,L02_E23,657712.5,676640.0,152.7,2,1652.153,12.2457,525.833,10.9342,120.0,780.0,7,2.092,37.5,0.439723
GHIP_0246,L02,tdip,dipole_dipole,L02_E19,657612.5,676640.0,151.9,L02_E20,657637.5,676640.0,152.1,L02_E23,657712.5,676640.0,152.7,L02_E24,657737.5,676640.0,152.9,3,1702.734,12.0229,513.2713,12.2448,120.0,780.0,7,3.0279,56.25,0.522285
GHIP_0247,L02,tdip,dipole_dipole,L02_E19,657612.5,676640.0,151.9,L02_E20,657637.5,676640.0,152.1,L02_E24,657737.5,676640.0,152.9,L02_E25,657762.5,676640.0,153.1,4,1667.106,11.872,515.6655,13.4641,120.0,780.0,7,5.8384,75.0,0.493395
GHIP_0248,L02,tdip,dipole_dipole,L02_E19,657612.5,676640.0,151.9,L02_E20,657637.5,676640.0,152.1,L02_E25,657762.5,676640.0,153.1,L02_E26,657787.5,676640.0,153.3,5,1599.555,12.5486,546.6361,10.6048,120.0,780.0,7,2.7664,93.75,0.370715
GHIP_0249,L02,tdip,dipole_dipole,L02_E19,657612.5,676640.0,151.9,L02_E20,657637.5,676640.0,152.1,L02_E26,657787.5,676640.0,153.3,L02_E27,657812.5,676640.0,153.5,6,1674.545,13.2303,566.7198,9.7822,120.0,780.0,7,0.4699,112.5,0.221536
GHIP_0250,L02,tdip,dipole_dipole,L02_E20,657637.5,676640.0,152.1,L02_E21,657662.5,676640.0,152.3,L02_E22,657687.5,676640.0,152.5,L02_E23,657712.5,676640.0,152.7,1,1631.711,13.5232,573.6513,8.9606,120.0,780.0,7,1.6091,18.75,0.243836
GHIP_0251,L02,tdip,dipole_dipole,L02_E20,657637.5,676640.0,152.1,L02_E21,657662.5,676640.0,152.3,L02_E23,657712.5,676640.0,152.7,L02_E24,657737.5,676640.0,152.9,2,1624.793,12.2804,529.6106,10.3548,120.0,780.0,11,2.923,37.5,0.357467
GHIP_0252,L02,tdip,dipole_dipole,L02_E20,657637.5,676640.0,152.1,L02_E21,657662.5,676640.0,152.3,L02_E24,657737.5,676640.0,152.9,L02_E25,657762.5,676640.0,153.1,3,1671.223,12.5861,542.9684,12.9504,120.0,780.0,8,3.639,56.25,0.416806
GHIP_0253,L02,tdip,dipole_dipole,L02_E20,657637.5,676640.0,152.1,L02_E21,657662.5,676640.0,152.3,L02_E25,657762.5,676640.0,153.1,L02_E26,657787.5,676640.0,153.3,4,1618.097,12.3531,536.6704,11.7201,120.0,780.0,8,1.7942,75.0,0.386537
GHIP_0254,L02,tdip,dipole_dipole,L02_E20,657637.5,676640.0,152.1,L02_E21,657662.5,676640.0,152.3,L02_E26,657787.5,676640.0,153.3,L02_E27,657812.5,676640.0,153.5,5,1689.47,13.403,578.9477,9.1578,120.0,780.0,10,2.0593,93.75,0.285106
GHIP_0255,L02,tdip,dipole_dipole,L02_E20,657637.5,676640.0,152.1,L02_E21,657662.5,676640.0,152.3,L02_E27,657812.5,676640.0,153.5,L02_E28,657837.5,676640.0,153.7,6,1575.79,13.3217,578.197,-2.888,120.0,780.0,9,1.3995,112.5,0.167255
GHIP_0256,L02,tdip,dipole_dipole,L02_E21,657662.5,676640.0,152.3,L02_E22,657687.5,676640.0,152.5,L02_E23,657712.5,676640.0,152.7,L02_E24,657737.5,676640.0,152.9,1,1672.127,13.4053,583.6626,7.8042,120.0,780.0,7,2.126,18.75,0.194592
GHIP_0257,L02,tdip,dipole_dipole,L02_E21,657662.5,676640.0,152.3,L02_E22,657687.5,676640.0,152.5,L02_E24,657737.5,676640.0,152.9,L02_E25,657762.5,676640.0,153.1,2,1652.266,13.0515,568.4143,10.0225,120.0,780.0,8,0.902,37.5,0.280048
GHIP_0258,L02,tdip,dipole_dipole,L02_E21,657662.5,676640.0,152.3,L02_E22,657687.5,676640.0,152.5,L02_E25,657762.5,676640.0,153.1,L02_E26,657787.5,676640.0,153.3,3,1658.508,13.0265,570.6625,10.2123,120.0,780.0,8,1.4576,56.25,0.320553
GHIP_0259,L02,tdip,dipole_dipole,L02_E21,657662.5,676640.0,152.3,L02_E22,657687.5,676640.0,152.5,L02_E26,657787.5,676640.0,153.3,L02_E27,657812.5,676640.0,153.5,4,1590.854,12.5606,544.4571,9.9167,120.0,780.0,9,1.9844,75.0,0.291827
GHIP_0260,L02,tdip,dipole_dipole,L02_E21,657662.5,676640.0,152.3,L02_E22,657687.5,676640.0,152.5,L02_E27,657812.5,676640.0,153.5,L02_E28,657837.5,676640.0,153.7,5,1629.544,13.0878,569.5945,8.0192,120.0,780.0,9,3.0215,93.75,0.211305
GHIP_0261,L02,tdip,dipole_dipole,L02_E22,657687.5,676640.0,152.5,L02_E23,657712.5,676640.0,152.7,L02_E24,657737.5,676640.0,152.9,L02_E25,657762.5,676640.0,153.1,1,1619.395,13.8816,590.1184,7.0184,120.0,780.0,6,1.5735,18.75,0.149654
GHIP_0262,L02,tdip,dipole_dipole,L02_E22,657687.5,676640.0,152.5,L02_E23,657712.5,676640.0,152.7,L02_E25,657762.5,676640.0,153.1,L02_E26,657787.5,676640.0,153.3,2,1552.523,12.9388,560.5385,8.6362,120.0,780.0,10,1.0733,37.5,0.21143
GHIP_0263,L02,tdip,dipole_dipole,L02_E22,657687.5,676640.0,152.5,L02_E23,657712.5,676640.0,152.7,L02_E26,657787.5,676640.0,153.3,L02_E27,657812.5,676640.0,153.5,3,1621.302,12.4094,549.2319,10.3814,120.0,780.0,9,2.8139,56.25,0.237577
GHIP_0264,L02,tdip,dipole_dipole,L02_E22,657687.5,676640.0,152.5,L02_E23,657712.5,676640.0,152.7,L02_E27,657812.5,676640.0,153.5,L02_E28,657837.5,676640.0,153.7,4,1634.234,13.2925,577.4074,8.7617,120.0,780.0,7,3.1837,75.0,0.212324
GHIP_0265,L02,tdip,dipole_dipole,L02_E23,657712.5,676640.0,152.7,L02_E24,657737.5,676640.0,152.9,L02_E25,657762.5,676640.0,153.1,L02_E26,657787.5,676640.0,153.3,1,1703.444,13.3427,575.7451,6.5197,120.0,780.0,6,0.5627,18.75,0.110916
GHIP_0266,L02,tdip,dipole_dipole,L02_E23,657712.5,676640.0,152.7,L02_E24,657737.5,676640.0,152.9,L02_E26,657787.5,676640.0,153.3,L02_E27,657812.5,676640.0,153.5,2,1701.866,13.3417,579.0368,7.3372,120.0,780.0,9,3.2066,37.5,0.15383
GHIP_0267,L02,tdip,dipole_dipole,L02_E23,657712.5,676640.0,152.7,L02_E24,657737.5,676640.0,152.9,L02_E27,657812.5,676640.0,153.5,L02_E28,657837.5,676640.0,153.7,3,1575.898,13.6316,585.2244,7.0133,120.0,780.0,9,2.4316,56.25,0.169687
GHIP_0268,L02,tdip,dipole_dipole,L02_E24,657737.5,676640.0,152.9,L02_E25,657762.5,676640.0,153.1,L02_E26,657787.5,676640.0,153.3,L02_E27,657812.5,676640.0,153.5,1,1714.629,13.6332,601.5864,5.4357,120.0,780.0,9,1.0844,18.75,0.07922
GHIP_0269,L02,tdip,dipole_dipole,L02_E24,657737.5,676640.0,152.9,L02_E25,657762.5,676640.0,153.1,L02_E27,657812.5,676640.0,153.5,L02_E28,657837.5,676640.0,153.7,2,1718.99,13.8509,600.8562,4.8462,120.0,780.0,10,1.0489,37.5,0.107858
GHIP_0270,L02,tdip,dipole_dipole,L02_E25,657762.5,676640.0,153.1,L02_E26,657787.5,676640.0,153.3,L02_E27,657812.5,676640.0,153.5,L02_E28,657837.5,676640.0,153.7,1,1620.001,13.7188,609.0702,5.1301,120.0,780.0,8,2.2822,18.75,0.054528
GHIP_0271,L03,tdip,dipole_dipole,L03_E01,657162.5,676665.0,148.75,L03_E02,657187.5,676665.0,148.95,L03_E03,657212.5,676665.0,149.15,L03_E04,657237.5,676665.0,149.35,1,1656.442,14.3433,619.1807,4.6846,120.0,780.0,10,1.5589,18.75,0.015164
GHIP_0272,L03,tdip,dipole_dipole,L03_E01,657162.5,676665.0,148.75,L03_E02,657187.5,676665.0,148.95,L03_E04,657237.5,676665.0,149.35,L03_E05,657262.5,676665.0,149.55,2,1638.619,14.0108,608.4461,5.6207,120.0,780.0,7,1.7872,37.5,0.031589
GHIP_0273,L03,tdip,dipole_dipole,L03_E01,657162.5,676665.0,148.75,L03_E02,657187.5,676665.0,148.95,L03_E05,657262.5,676665.0,149.55,L03_E06,657287.5,676665.0,149.75,3,1625.225,14.0387,612.4216,5.477,120.0,780.0,9,2.1803,56.25,0.052337
GHIP_0274,L03,tdip,dipole_dipole,L03_E01,657162.5,676665.0,148.75,L03_E02,657187.5,676665.0,148.95,L03_E06,657287.5,676665.0,149.75,L03_E07,657312.5,676665.0,149.95,4,1610.806,14.0248,603.9165,6.4293,120.0,780.0,7,1.6852,75.0,0.068968
GHIP_0275,L03,tdip,dipole_dipole,L03_E01,657162.5,676665.0,148.75,L03_E02,657187.5,676665.0,148.95,L03_E07,657312.5,676665.0,149.95,L03_E08,657337.5,676665.0,150.15,5,1713.39,14.0098,603.5442,6.5441,120.0,780.0,7,1.5559,93.75,0.072285
GHIP_0276,L03,tdip,dipole_dipole,L03_E01,657162.5,676665.0,148.75,L03_E02,657187.5,676665.0,148.95,L03_E08,657337.5,676665.0,150.15,L03_E09,657362.5,676665.0,150.35,6,1568.479,13.8298,611.2699,5.7906,120.0,780.0,7,21.7299,112.5,0.060256
GHIP_0277,L03,tdip,dipole_dipole,L03_E02,657187.5,676665.0,148.95,L03_E03,657212.5,676665.0,149.15,L03_E04,657237.5,676665.0,149.35,L03_E05,657262.5,676665.0,149.55,1,1655.002,14.2566,623.0389,5.3006,120.0,780.0,10,2.0051,18.75,0.024434
GHIP_0278,L03,tdip,dipole_dipole,L03_E02,657187.5,676665.0,148.95,L03_E03,657212.5,676665.0,149.15,L03_E05,657262.5,676665.0,149.55,L03_E06,657287.5,676665.0,149.75,2,1624.901,14.1818,612.1278,3.9256,120.0,780.0,8,2.7836,37.5,0.049968
GHIP_0279,L03,tdip,dipole_dipole,L03_E02,657187.5,676665.0,148.95,L03_E03,657212.5,676665.0,149.15,L03_E06,657287.5,676665.0,149.75,L03_E07,657312.5,676665.0,149.95,3,1701.295,13.8366,603.0787,6.0326,120.0,780.0,8,3.1815,56.25,0.081272
GHIP_0280,L03,tdip,dipole_dipole,L03_E02,657187.5,676665.0,148.95,L03_E03,657212.5,676665.0,149.15,L03_E07,657312.5,676665.0,149.95,L03_E08,657337.5,676665.0,150.15,4,1647.606,13.997,595.4465,6.1697,120.0,780.0,9,3.603,75.0,0.105135
GHIP_0281,L03,tdip,dipole_dipole,L03_E02,657187.5,676665.0,148.95,L03_E03,657212.5,676665.0,149.15,L03_E08,657337.5,676665.0,150.15,L03_E09,657362.5,676665.0,150.35,5,1693.616,13.8083,596.4772,6.3042,120.0,780.0,9,3.1071,93.75,0.108171
GHIP_0282,L03,tdip,dipole_dipole,L03_E02,657187.5,676665.0,148.95,L03_E03,657212.5,676665.0,149.15,L03_E09,657362.5,676665.0,150.35,L03_E10,657387.5,676665.0,150.55,6,1691.528,14.1475,613.6209,5.165,120.0,780.0,6,2.5252,112.5,0.088519
GHIP_0283,L03,tdip,dipole_dipole,L03_E03,657212.5,676665.0,149.15,L03_E04,657237.5,676665.0,149.35,L03_E05,657262.5,676665.0,149.55,L03_E06,657287.5,676665.0,149.75,1,1656.073,14.1546,612.4642,5.5581,120.0,780.0,8,0.7908,18.75,0.037943
GHIP_0284,L03,tdip,dipole_dipole,L03_E03,657212.5,676665.0,149.15,L03_E04,657237.5,676665.0,149.35,L03_E06,657287.5,676665.0,149.75,L03_E07,657312.5,676665.0,149.95,2,1624.273,14.1458,617.0472,4.9048,120.0,780.0,8,1.7019,37.5,0.076171
GHIP_0285,L03,tdip,dipole_dipole,L03_E03,657212.5,676665.0,149.15,L03_E04,657237.5,676665.0,149.35,L03_E07,657312.5,676665.0,149.95,L03_E08,657337.5,676665.0,150.15,3,1515.523,13.8603,600.5673,7.2687,120.0,780.0,9,2.0946,56.25,0.12162
GHIP_0286,L03,tdip,dipole_dipole,L03_E03,657212.5,676665.0,149.15,L03_E04,657237.5,676665.0,149.35,L03_E08,657337.5,676665.0,150.15,L03_E09,657362.5,676665.0,150.35,4,1689.43,13.1352,568.6439,5.7688,120.0,780.0,10,2.8079,75.0,0.154448
GHIP_0287,L03,tdip,dipole_dipole,L03_E03,657212.5,676665.0,149.15,L03_E04,657237.5,676665.0,149.35,L03_E09,657362.5,676665.0,150.35,L03_E10,657387.5,676665.0,150.55,5,1694.663,13.6836,602.7452,6.9897,120.0,780.0,8,2.052,93.75,0.155998
GHIP_0288,L03,tdip,dipole_dipole,L03_E03,657212.5,676665.0,149.15,L03_E04,657237.5,676665.0,149.35,L03_E10,657387.5,676665.0,150.55,L03_E11,657412.5,676665.0,150.75,6,1712.549,14.4271,608.4985,6.5992,120.0,780.0,8,3.1136,112.5,0.125318
GHIP_0289,L03,tdip,dipole_dipole,L03_E04,657237.5,676665.0,149.35,L03_E05,657262.5,676665.0,149.55,L03_E06,657287.5,676665.0,149.75,L03_E07,657312.5,676665.0,149.95,1,1611.988,14.6268,630.9112,4.0589,120.0,780.0,8,1.4886,18.75,0.05678
GHIP_0290,L03,tdip,dipole_dipole,L03_E04,657237.5,676665.0,149.35,L03_E05,657262.5,676665.0,149.55,L03_E07,657312.5,676665.0,149.95,L03_E08,657337.5,676665.0,150.15,2,1659.785,13.853,600.4475,6.9602,120.0,780.0,8,2.3282,37.5,0.111899
GHIP_0291,L03,tdip,dipole_dipole,L03_E04,657237.5,676665.0,149.35,L03_E05,657262.5,676665.0,149.55,L03_E08,657337.5,676665.0,150.15,L03_E09,657362.5,676665.0,150.35,3,1625.635,13.6122,599.3123,6.8735,120.0,780.0,9,1.2466,56.25,0.175393
GHIP_0292,L03,tdip,dipole_dipole,L03_E04,657237.5,676665.0,149.35,L03_E05,657262.5,676665.0,149.55,L03_E09,657362.5,676665.0,150.35,L03_E10,657387.5,676665.0,150.55,4,1659.832,13.8373,611.0444,8.3992,120.0,780.0,10,1.2906,75.0,0.218654
GHIP_0293,L03,tdip,dipole_dipole,L03_E04,657237.5,676665.0,149.35,L03_E05,657262.5,676665.0,149.55,L03_E10,657387.5,676665.0,150.55,L03_E11,657412.5,676665.0,150.75,5,1646.445,12.945,561.7454,8.5936,120.0,780.0,4,2.5855,93.75,0.216802
GHIP_0294,L03,tdip,dipole_dipole,L03_E04,657237.5,676665.0,149.35,L03_E05,657262.5,676665.0,149.55,L03_E11,657412.5,676665.0,150.75,L03_E12,657437.5,676665.0,150.95,6,1634.25,13.7763,594.6827,8.3168,120.0,780.0,8,3.3462,112.5,0.170972
GHIP_0295,L03,tdip,dipole_dipole,L03_E05,657262.5,676665.0,149.55,L03_E06,657287.5,676665.0,149.75,L03_E07,657312.5,676665.0,149.95,L03_E08,657337.5,676665.0,150.15,1,1605.069,14.3516,619.1407,6.4143,120.0,780.0,7,1.1299,18.75,0.081885
GHIP_0296,L03,tdip,dipole_dipole,L03_E05,657262.5,676665.0,149.55,L03_E06,657287.5,676665.0,149.75,L03_E08,657337.5,676665.0,150.15,L03_E09,657362.5,676665.0,150.35,2,1647.967,13.6679,588.7789,7.0195,120.0,780.0,9,1.8863,37.5,0.158416
GHIP_0297,L03,tdip,dipole_dipole,L03_E05,657262.5,676665.0,149.55,L03_E06,657287.5,676665.0,149.75,L03_E09,657362.5,676665.0,150.35,L03_E10,657387.5,676665.0,150.55,3,1644.13,13.4322,572.1875,8.5379,120.0,780.0,8,3.0464,56.25,0.243757
GHIP_0298,L03,tdip,dipole_dipole,L03_E05,657262.5,676665.0,149.55,L03_E06,657287.5,676665.0,149.75,L03_E10,657387.5,676665.0,150.55,L03_E11,657412.5,676665.0,150.75,4,1720.708,13.6635,577.3428,10.8892,120.0,780.0,6,24.3258,75.0,0.298313
GHIP_0299,L03,tdip,dipole_dipole,L03_E05,657262.5,676665.0,149.55,L03_E06,657287.5,676665.0,149.75,L03_E11,657412.5,676665.0,150.75,L03_E12,657437.5,676665.0,150.95,5,1707.131,13.1727,563.5266,8.9353,120.0,780.0,8,0.2658,93.75,0.290366
GHIP_0300,L03,tdip,dipole_dipole,L03_E05,657262.5,676665.0,149.55,L03_E06,657287.5,676665.0,149.75,L03_E12,657437.5,676665.0,150.95,L03_E13,657462.5,676665.0,151.15,6,1627.473,13.0212,565.3027,8.0587,120.0,780.0,9,2.8523,112.5,0.224791
GHIP_0301,L03,tdip,dipole_dipole,L03_E06,657287.5,676665.0,149.75,L03_E07,657312.5,676665.0,149.95,L03_E08,657337.5,676665.0,150.15,L03_E09,657362.5,676665.0,150.35,1,1619.691,13.4872,581.0417,-2.5436,120.0,780.0,6,2.7958,18.75,0.113801
GHIP_0302,L03,tdip,dipole_dipole,L03_E06,657287.5,676665.0,149.75,L03_E07,657312.5,676665.0,149.95,L03_E09,657362.5,676665.0,150.35,L03_E10,657387.5,676665.0,150.55,2,1626.305,13.2415,573.5707,7.6169,120.0,780.0,9,3.9083,37.5,0.216129
GHIP_0303,L03,tdip,dipole_dipole,L03_E06,657287.5,676665.0,149.75,L03_E07,657312.5,676665.0,149.95,L03_E10,657387.5,676665.0,150.55,L03_E11,657412.5,676665.0,150.75,3,1671.914,12.9187,558.0032,9.6149,120.0,780.0,8,0.9646,56.25,0.326468
GHIP_0304,L03,tdip,dipole_dipole,L03_E06,657287.5,676665.0,149.75,L03_E07,657312.5,676665.0,149.95,L03_E11,657412.5,676665.0,150.75,L03_E12,657437.5,676665.0,150.95,4,1671.909,12.3462,535.2844,11.7278,120.0,780.0,7,3.0453,75.0,0.392216
GHIP_0305,L03,tdip,dipole_dipole,L03_E06,657287.5,676665.0,149.75,L03_E07,657312.5,676665.0,149.95,L03_E12,657437.5,676665.0,150.95,L03_E13,657462.5,676665.0,151.15,5,1674.399,12.0378,533.5035,10.9443,120.0,780.0,11,1.0889,93.75,0.374773
GHIP_0306,L03,tdip,dipole_dipole,L03_E06,657287.5,676665.0,149.75,L03_E07,657312.5,676665.0,149.95,L03_E13,657462.5,676665.0,151.15,L03_E14,657487.5,676665.0,151.35,6,1636.513,12.706,552.3639,9.5371,120.0,780.0,7,1.0127,112.5,0.28482
GHIP_0307,L03,tdip,dipole_dipole,L03_E07,657312.5,676665.0,149.95,L03_E08,657337.5,676665.0,150.15,L03_E09,657362.5,676665.0,150.35,L03_E10,657387.5,676665.0,150.55,1,1650.724,13.3137,577.0675,6.5642,120.0,780.0,8,3.3761,18.75,0.152416
GHIP_0308,L03,tdip,dipole_dipole,L03_E07,657312.5,676665.0,149.95,L03_E08,657337.5,676665.0,150.15,L03_E10,657387.5,676665.0,150.55,L03_E11,657412.5,676665.0,150.75,2,1649.943,12.6823,553.6115,9.1777,120.0,780.0,9,0.8469,37.5,0.284162
GHIP_0309,L03,tdip,dipole_dipole,L03_E07,657312.5,676665.0,149.95,L03_E08,657337.5,676665.0,150.15,L03_E11,657412.5,676665.0,150.75,L03_E12,657437.5,676665.0,150.95,3,1690.879,12.1696,525.8176,11.4738,120.0,780.0,11,25.1274,56.25,0.421369
GHIP_0310,L03,tdip,dipole_dipole,L03_E07,657312.5,676665.0,149.95,L03_E08,657337.5,676665.0,150.15,L03_E12,657437.5,676665.0,150.95,L03_E13,657462.5,676665.0,151.15,4,1717.567,12.2936,528.3477,12.5828,120.0,780.0,11,2.0749,75.0,0.496954
GHIP_0311,L03,tdip,dipole_dipole,L03_E07,657312.5,676665.0,149.95,L03_E08,657337.5,676665.0,150.15,L03_E13,657462.5,676665.0,151.15,L03_E14,657487.5,676665.0,151.35,5,1609.405,12.081,517.185,11.9123,120.0,780.0,7,3.3373,93.75,0.466154
GHIP_0312,L03,tdip,dipole_dipole,L03_E07,657312.5,676665.0,149.95,L03_E08,657337.5,676665.0,150.15,L03_E14,657487.5,676665.0,151.35,L03_E15,657512.5,676665.0,151.55,6,1605.867,12.779,550.0117,10.0885,120.0,780.0,6,2.6923,112.5,0.347777
GHIP_0313,L03,tdip,dipole_dipole,L03_E08,657337.5,676665.0,150.15,L03_E09,657362.5,676665.0,150.35,L03_E10,657387.5,676665.0,150.55,L03_E11,657412.5,676665.0,150.75,1,1656.215,13.4799,585.371,8.3958,120.0,780.0,9,2.4505,18.75,0.196722
GHIP_0314,L03,tdip,dipole_dipole,L03_E08,657337.5,676665.0,150.15,L03_E09,657362.5,676665.0,150.35,L03_E11,657412.5,676665.0,150.75,L03_E12,657437.5,676665.0,150.95,2,1709.734,11.8427,527.1862,11.2858,120.0,780.0,9,1.8852,37.5,0.360046
GHIP_0315,L03,tdip,dipole_dipole,L03_E08,657337.5,676665.0,150.15,L03_E09,657362.5,676665.0,150.35,L03_E12,657437.5,676665.0,150.95,L03_E13,657462.5,676665.0,151.15,3,1696.701,11.2769,495.5957,13.5171,120.0,780.0,6,1.7452,56.25,0.524111
GHIP_0316,L03,tdip,dipole_dipole,L03_E08,657337.5,676665.0,150.15,L03_E09,657362.5,676665.0,150.35,L03_E13,657462.5,676665.0,151.15,L03_E14,657487.5,676665.0,151.35,4,1636.122,11.4933,498.7335,15.8408,120.0,780.0,8,2.2544,75.0,0.606802
GHIP_0317,L03,tdip,dipole_dipole,L03_E08,657337.5,676665.0,150.15,L03_E09,657362.5,676665.0,150.35,L03_E14,657487.5,676665.0,151.35,L03_E15,657512.5,676665.0,151.55,5,1714.417,11.1345,482.8633,-3.4866,120.0,780.0,9,2.825,93.75,0.558765
GHIP_0318,L03,tdip,dipole_dipole,L03_E08,657337.5,676665.0,150.15,L03_E09,657362.5,676665.0,150.35,L03_E15,657512.5,676665.0,151.55,L03_E16,657537.5,676665.0,151.75,6,1708.006,12.8311,540.2362,11.8417,120.0,780.0,9,1.6571,112.5,0.409233
GHIP_0319,L03,tdip,dipole_dipole,L03_E09,657362.5,676665.0,150.35,L03_E10,657387.5,676665.0,150.55,L03_E11,657412.5,676665.0,150.75,L03_E12,657437.5,676665.0,150.95,1,1712.501,13.2326,568.1304,9.4168,120.0,780.0,6,1.7407,18.75,0.244688
GHIP_0320,L03,tdip,dipole_dipole,L03_E09,657362.5,676665.0,150.35,L03_E10,657387.5,676665.0,150.55,L03_E12,657437.5,676665.0,150.95,L03_E13,657462.5,676665.0,151.15,2,1625.262,12.3532,529.2079,13.1449,120.0,780.0,6,2.7159,37.5,0.439631
GHIP_0321,L03,tdip,dipole_dipole,L03_E09,657362.5,676665.0,150.35,L03_E10,657387.5,676665.0,150.55,L03_E13,657462.5,676665.0,151.15,L03_E14,657487.5,676665.0,151.35,3,1651.841,11.1846,490.5794,15.0149,120.0,780.0,8,2.2874,56.25,0.628236
GHIP_0322,L03,tdip,dipole_dipole,L03_E09,657362.5,676665.0,150.35,L03_E10,657387.5,676665.0,150.55,L03_E14,657487.5,676665.0,151.35,L03_E15,657512.5,676665.0,151.55,4,1570.819,10.5327,458.7589,-2.4265,120.0,780.0,5,2.183,75.0,0.714029
GHIP_0323,L03,tdip,dipole_dipole,L03_E09,657362.5,676665.0,150.35,L03_E10,657387.5,676665.0,150.55,L03_E15,657512.5,676665.0,151.55,L03_E16,657537.5,676665.0,151.75,5,1674.71,11.131,483.076,15.9071,120.0,780.0,10,2.1039,93.75,0.645458
GHIP_0324,L03,tdip,dipole_dipole,L03_E09,657362.5,676665.0,150.35,L03_E10,657387.5,676665.0,150.55,L03_E16,657537.5,676665.0,151.75,L03_E17,657562.5,676665.0,151.95,6,1586.873,12.2754,531.3353,14.6138,120.0,780.0,8,2.3883,112.5,0.464064
GHIP_0325,L03,tdip,dipole_dipole,L03_E10,657387.5,676665.0,150.55,L03_E11,657412.5,676665.0,150.75,L03_E12,657437.5,676665.0,150.95,L03_E13,657462.5,676665.0,151.15,1,1635.83,12.9385,556.7223,-3.0225,120.0,780.0,11,1.1168,18.75,0.293301
GHIP_0326,L03,tdip,dipole_dipole,L03_E10,657387.5,676665.0,150.55,L03_E11,657412.5,676665.0,150.75,L03_E13,657462.5,676665.0,151.15,L03_E14,657487.5,676665.0,151.35,2,1625.068,11.687,507.1003,13.8046,120.0,780.0,8,1.3546,37.5,0.517318
GHIP_0327,L03,tdip,dipole_dipole,L03_E10,657387.5,676665.0,150.55,L03_E11,657412.5,676665.0,150.75,L03_E14,657487.5,676665.0,151.35,L03_E15,657512.5,676665.0,151.55,3,1654.103,10.7013,460.0911,17.4296,120.0,780.0,6,1.0432,56.25,0.725708
GHIP_0328,L03,tdip,dipole_dipole,L03_E10,657387.5,676665.0,150.55,L03_E11,657412.5,676665.0,150.75,L03_E15,657512.5,676665.0,151.55,L03_E16,657537.5,676665.0,151.75,4,1681.277,10.7405,451.6245,18.0634,120.0,780.0,9,0.6375,75.0,0.8097
GHIP_0329,L03,tdip,dipole_dipole,L03_E10,657387.5,676665.0,150.55,L03_E11,657412.5,676665.0,150.75,L03_E16,657537.5,676665.0,151.75,L03_E17,657562.5,676665.0,151.95,5,1616.476,10.4356,469.152,17.4031,120.0,780.0,9,2.8183,93.75,0.718531
GHIP_0330,L03,tdip,dipole_dipole,L03_E10,657387.5,676665.0,150.55,L03_E11,657412.5,676665.0,150.75,L03_E17,657562.5,676665.0,151.95,L03_E18,657587.5,676665.0,152.15,6,1679.679,11.7643,518.8652,13.1926,120.0,780.0,10,1.8169,112.5,0.507137
GHIP_0331,L03,tdip,dipole_dipole,L03_E11,657412.5,676665.0,150.75,L03_E12,657437.5,676665.0,150.95,L03_E13,657462.5,676665.0,151.15,L03_E14,657487.5,676665.0,151.35,1,1705.097,11.9067,526.8916,9.0386,120.0,780.0,5,0.4088,18.75,0.338806
GHIP_0332,L03,tdip,dipole_dipole,L03_E11,657412.5,676665.0,150.75,L03_E12,657437.5,676665.0,150.95,L03_E14,657487.5,676665.0,151.35,L03_E15,657512.5,676665.0,151.55,2,1587.697,11.4917,496.8469,14.2173,120.0,780.0,7,3.9456,37.5,0.586632
GHIP_0333,L03,tdip,dipole_dipole,L03_E11,657412.5,676665.0,150.75,L03_E12,657437.5,676665.0,150.95,L03_E15,657512.5,676665.0,151.55,L03_E16,657537.5,676665.0,151.75,3,1693.116,10.7131,462.7642,19.7261,120.0,780.0,5,1.4113,56.25,0.807866
GHIP_0334,L03,tdip,dipole_dipole,L03_E11,657412.5,676665.0,150.75,L03_E12,657437.5,676665.0,150.95,L03_E16,657537.5,676665.0,151.75,L03_E17,657562.5,676665.0,151.95,4,1613.553,9.7399,417.2134,19.5206,120.0,780.0,9,2.4289,75.0,0.884853
GHIP_0335,L03,tdip,dipole_dipole,L03_E11,657412.5,676665.0,150.75,L03_E12,657437.5,676665.0,150.95,L03_E17,657562.5,676665.0,151.95,L03_E18,657587.5,676665.0,152.15,5,1643.513,10.2357,444.8702,18.6808,120.0,780.0,8,20.1475,93.75,0.770835
GHIP_0336,L03,tdip,dipole_dipole,L03_E11,657412.5,676665.0,150.75,L03_E12,657437.5,676665.0,150.95,L03_E18,657587.5,676665.0,152.15,L03_E19,657612.5,676665.0,152.35,6,1670.375,11.7757,504.5636,14.9899,120.0,780.0,9,3.4658,112.5,0.534085
GHIP_0337,L03,tdip,dipole_dipole,L03_E12,657437.5,676665.0,150.95,L03_E13,657462.5,676665.0,151.15,L03_E14,657487.5,676665.0,151.35,L03_E15,657512.5,676665.0,151.55,1,1662.165,12.5261,546.9661,12.1764,120.0,780.0,9,1.8281,18.75,0.377163
GHIP_0338,L03,tdip,dipole_dipole,L03_E12,657437.5,676665.0,150.95,L03_E13,657462.5,676665.0,151.15,L03_E15,657512.5,676665.0,151.55,L03_E16,657537.5,676665.0,151.75,2,1654.298,11.318,484.6343,16.2428,120.0,780.0,8,2.2481,37.5,0.641081
GHIP_0339,L03,tdip,dipole_dipole,L03_E12,657437.5,676665.0,150.95,L03_E13,657462.5,676665.0,151.15,L03_E16,657537.5,676665.0,151.75,L03_E17,657562.5,676665.0,151.95,3,1583.381,9.4639,410.065,19.2811,120.0,780.0,8,2.0605,56.25,0.866673
GHIP_0340,L03,tdip,dipole_dipole,L03_E12,657437.5,676665.0,150.95,L03_E13,657462.5,676665.0,151.15,L03_E17,657562.5,676665.0,151.95,L03_E18,657587.5,676665.0,152.15,4,1568.08,9.872,435.0352,19.8272,120.0,780.0,9,3.0592,75.0,0.931873
GHIP_0341,L03,tdip,dipole_dipole,L03_E12,657437.5,676665.0,150.95,L03_E13,657462.5,676665.0,151.15,L03_E18,657587.5,676665.0,152.15,L03_E19,657612.5,676665.0,152.35,5,1644.685,10.6789,458.2511,17.7811,120.0,780.0,9,3.5319,93.75,0.796923
GHIP_0342,L03,tdip,dipole_dipole,L03_E12,657437.5,676665.0,150.95,L03_E13,657462.5,676665.0,151.15,L03_E19,657612.5,676665.0,152.35,L03_E20,657637.5,676665.0,152.55,6,1714.651,11.8175,505.9862,13.0076,120.0,780.0,8,1.2962,112.5,0.542045
GHIP_0343,L03,tdip,dipole_dipole,L03_E13,657462.5,676665.0,151.15,L03_E14,657487.5,676665.0,151.35,L03_E15,657512.5,676665.0,151.55,L03_E16,657537.5,676665.0,151.75,1,1664.532,12.073,526.9183,13.7751,120.0,780.0,9,3.6498,18.75,0.404618
GHIP_0344,L03,tdip,dipole_dipole,L03_E13,657462.5,676665.0,151.15,L03_E14,657487.5,676665.0,151.35,L03_E16,657537.5,676665.0,151.75,L03_E17,657562.5,676665.0,151.95,2,1692.051,11.7498,495.0986,-3.0057,120.0,780.0,12,0.1672,37.5,0.675147
GHIP_0345,L03,tdip,dipole_dipole,L03_E13,657462.5,676665.0,151.15,L03_E14,657487.5,676665.0,151.35,L03_E17,657562.5,676665.0,151.95,L03_E18,657587.5,676665.0,152.15,3,1646.251,10.3383,445.7969,20.9708,120.0,780.0,6,3.7749,56.25,0.896005
GHIP_0346,L03,tdip,dipole_dipole,L03_E13,657462.5,676665.0,151.15,L03_E14,657487.5,676665.0,151.35,L03_E18,657587.5,676665.0,152.15,L03_E19,657612.5,676665.0,152.35,4,1673.118,10.3365,439.348,22.2625,120.0,780.0,10,3.0748,75.0,0.94576
GHIP_0347,L03,tdip,dipole_dipole,L03_E13,657462.5,676665.0,151.15,L03_E14,657487.5,676665.0,151.35,L03_E19,657612.5,676665.0,152.35,L03_E20,657637.5,676665.0,152.55,5,1674.013,10.5233,458.658,19.0683,120.0,780.0,8,0.5439,93.75,0.793982
GHIP_0348,L03,tdip,dipole_dipole,L03_E13,657462.5,676665.0,151.15,L03_E14,657487.5,676665.0,151.35,L03_E20,657637.5,676665.0,152.55,L03_E21,657662.5,676665.0,152.75,6,1646.142,11.3942,506.4413,15.3199,120.0,780.0,6,0.9144,112.5,0.53015
GHIP_0349,L03,tdip,dipole_dipole,L03_E14,657487.5,676665.0,151.35,L03_E15,657512.5,676665.0,151.55,L03_E16,657537.5,676665.0,151.75,L03_E17,657562.5,676665.0,151.95,1,1648.645,12.1582,531.4488,12.5807,120.0,780.0,10,4.7698,18.75,0.418312
GHIP_0350,L03,tdip,dipole_dipole,L03_E14,657487.5,676665.0,151.35,L03_E15,657512.5,676665.0,151.55,L03_E17,657562.5,676665.0,151.95,L03_E18,657587.5,676665.0,152.15,2,1671.765,11.2235,491.558,16.8457,120.0,780.0,8,3.6733,37.5,0.685209
GHIP_0351,L03,tdip,dipole_dipole,L03_E14,657487.5,676665.0,151.35,L03_E15,657512.5,676665.0,151.55,L03_E18,657587.5,676665.0,152.15,L03_E19,657612.5,676665.0,152.35,3,1601.12,10.4782,440.605,20.4105,120.0,780.0,8,0.3904,56.25,0.892698
GHIP_0352,L03,tdip,dipole_dipole,L03_E14,657487.5,676665.0,151.35,L03_E15,657512.5,676665.0,151.55,L03_E19,657612.5,676665.0,152.35,L03_E20,657637.5,676665.0,152.55,4,1700.284,9.3777,408.224,21.7671,120.0,780.0,9,23.4802,75.0,0.925006
GHIP_0353,L03,tdip,dipole_dipole,L03_E14,657487.5,676665.0,151.35,L03_E15,657512.5,676665.0,151.55,L03_E20,657637.5,676665.0,152.55,L03_E21,657662.5,676665.0,152.75,5,1639.421,10.5652,457.5039,18.42,120.0,780.0,6,1.5992,93.75,0.76233
GHIP_0354,L03,tdip,dipole_dipole,L03_E14,657487.5,676665.0,151.35,L03_E15,657512.5,676665.0,151.55,L03_E21,657662.5,676665.0,152.75,L03_E22,657687.5,676665.0,152.95,6,1674.212,11.8846,514.5387,13.1495,120.0,780.0,8,1.5874,112.5,0.49969
GHIP_0355,L03,tdip,dipole_dipole,L03_E15,657512.5,676665.0,151.55,L03_E16,657537.5,676665.0,151.75,L03_E17,657562.5,676665.0,151.95,L03_E18,657587.5,676665.0,152.15,1,1638.121,12.3837,536.8621,10.382,120.0,780.0,9,1.1415,18.75,0.416768
GHIP_0356,L03,tdip,dipole_dipole,L03_E15,657512.5,676665.0,151.55,L03_E16,657537.5,676665.0,151.75,L03_E18,657587.5,676665.0,152.15,L03_E19,657612.5,676665.0,152.35,2,1658.271,10.9873,476.3933,17.1136,120.0,780.0,5,3.3814,37.5,0.670172
GHIP_0357,L03,tdip,dipole_dipole,L03_E15,657512.5,676665.0,151.55,L03_E16,657537.5,676665.0,151.75,L03_E19,657612.5,676665.0,152.35,L03_E20,657637.5,676665.0,152.55,3,1677.646,9.741,430.4766,20.9557,120.0,780.0,9,1.382,56.25,0.857111
GHIP_0358,L03,tdip,dipole_dipole,L03_E15,657512.5,676665.0,151.55,L03_E16,657537.5,676665.0,151.75,L03_E20,657637.5,676665.0,152.55,L03_E21,657662.5,676665.0,152.75,4,1621.297,10.5712,447.6583,19.9202,120.0,780.0,8,0.3085,75.0,0.87186
GHIP_0359,L03,tdip,dipole_dipole,L03_E15,657512.5,676665.0,151.55,L03_E16,657537.5,676665.0,151.75,L03_E21,657662.5,676665.0,152.75,L03_E22,657687.5,676665.0,152.95,5,1622.941,10.8765,476.5073,18.0514,120.0,780.0,6,3.5998,93.75,0.705366
GHIP_0360,L03,tdip,dipole_dipole,L03_E15,657512.5,676665.0,151.55,L03_E16,657537.5,676665.0,151.75,L03_E22,657687.5,676665.0,152.95,L03_E23,657712.5,676665.0,153.15,6,1662.186,11.6468,504.1661,12.8388,120.0,780.0,9,0.3177,112.5,0.45388
GHIP_0361,L03,tdip,dipole_dipole,L03_E16,657537.5,676665.0,151.75,L03_E17,657562.5,676665.0,151.95,L03_E18,657587.5,676665.0,152.15,L03_E19,657612.5,676665.0,152.35,1,1621.193,12.6361,539.294,12.839,120.0,780.0,9,3.6215,18.75,0.400154
GHIP_0362,L03,tdip,dipole_dipole,L03_E16,657537.5,676665.0,151.75,L03_E17,657562.5,676665.0,151.95,L03_E19,657612.5,676665.0,152.35,L03_E20,657637.5,676665.0,152.55,2,1660.525,11.6038,499.0261,14.7637,120.0,780.0,7,2.2774,37.5,0.631667
GHIP_0363,L03,tdip,dipole_dipole,L03_E16,657537.5,676665.0,151.75,L03_E17,657562.5,676665.0,151.95,L03_E20,657637.5,676665.0,152.55,L03_E21,657662.5,676665.0,152.75,3,1635.284,10.517,456.0343,18.6378,120.0,780.0,8,1.5282,56.25,0.793065
GHIP_0364,L03,tdip,dipole_dipole,L03_E16,657537.5,676665.0,151.75,L03_E17,657562.5,676665.0,151.95,L03_E21,657662.5,676665.0,152.75,L03_E22,657687.5,676665.0,152.95,4,1609.709,10.5621,464.9093,18.8584,120.0,780.0,9,2.5413,75.0,0.791931
GHIP_0365,L03,tdip,dipole_dipole,L03_E16,657537.5,676665.0,151.75,L03_E17,657562.5,676665.0,151.95,L03_E22,657687.5,676665.0,152.95,L03_E23,657712.5,676665.0,153.15,5,1658.152,11.5874,495.2679,17.017,120.0,780.0,9,1.5713,93.75,0.628963
GHIP_0366,L03,tdip,dipole_dipole,L03_E16,657537.5,676665.0,151.75,L03_E17,657562.5,676665.0,151.95,L03_E23,657712.5,676665.0,153.15,L03_E24,657737.5,676665.0,153.35,6,1610.556,11.7065,510.5891,11.7766,120.0,780.0,8,2.5698,112.5,0.397302
GHIP_0367,L03,tdip,dipole_dipole,L03_E17,657562.5,676665.0,151.95,L03_E18,657587.5,676665.0,152.15,L03_E19,657612.5,676665.0,152.35,L03_E20,657637.5,676665.0,152.55,1,1643.737,12.4559,533.6516,10.5253,120.0,780.0,7,1.0098,18.75,0.370253
GHIP_0368,L03,tdip,dipole_dipole,L03_E17,657562.5,676665.0,151.95,L03_E18,657587.5,676665.0,152.15,L03_E20,657637.5,676665.0,152.55,L03_E21,657662.5,676665.0,152.75,2,1609.674,11.6016,500.3316,-1.5957,120.0,780.0,7,2.5711,37.5,0.573759
GHIP_0369,L03,tdip,dipole_dipole,L03_E17,657562.5,676665.0,151.95,L03_E18,657587.5,676665.0,152.15,L03_E21,657662.5,676665.0,152.75,L03_E22,657687.5,676665.0,152.95,3,1721.711,10.5442,468.6431,17.9435,120.0,780.0,9,1.8813,56.25,0.707162
GHIP_0370,L03,tdip,dipole_dipole,L03_E17,657562.5,676665.0,151.95,L03_E18,657587.5,676665.0,152.15,L03_E22,657687.5,676665.0,152.95,L03_E23,657712.5,676665.0,153.15,4,1692.707,11.3149,484.8606,17.0856,120.0,780.0,9,2.9352,75.0,0.693214
GHIP_0371,L03,tdip,dipole_dipole,L03_E17,657562.5,676665.0,151.95,L03_E18,657587.5,676665.0,152.15,L03_E23,657712.5,676665.0,153.15,L03_E24,657737.5,676665.0,153.35,5,1609.99,11.4111,499.8907,13.1637,120.0,780.0,7,2.5852,93.75,0.540473
GHIP_0372,L03,tdip,dipole_dipole,L03_E17,657562.5,676665.0,151.95,L03_E18,657587.5,676665.0,152.15,L03_E24,657737.5,676665.0,153.35,L03_E25,657762.5,676665.0,153.55,6,1753.572,12.2768,538.9621,11.2194,120.0,780.0,9,3.0751,112.5,0.33515
GHIP_0373,L03,tdip,dipole_dipole,L03_E18,657587.5,676665.0,152.15,L03_E19,657612.5,676665.0,152.35,L03_E20,657637.5,676665.0,152.55,L03_E21,657662.5,676665.0,152.75,1,1609.318,12.637,546.915,11.2457,120.0,780.0,7,1.5546,18.75,0.330148
GHIP_0374,L03,tdip,dipole_dipole,L03_E18,657587.5,676665.0,152.15,L03_E19,657612.5,676665.0,152.35,L03_E21,657662.5,676665.0,152.75,L03_E22,657687.5,676665.0,152.95,2,1645.543,12.0409,528.7563,12.1763,120.0,780.0,8,1.2415,37.5,0.502237
GHIP_0375,L03,tdip,dipole_dipole,L03_E18,657587.5,676665.0,152.15,L03_E19,657612.5,676665.0,152.35,L03_E22,657687.5,676665.0,152.95,L03_E23,657712.5,676665.0,153.15,3,1629.083,11.5749,504.6879,15.5885,120.0,780.0,6,2.0444,56.25,0.60767
GHIP_0376,L03,tdip,dipole_dipole,L03_E18,657587.5,676665.0,152.15,L03_E19,657612.5,676665.0,152.35,L03_E23,657712.5,676665.0,153.15,L03_E24,657737.5,676665.0,153.35,4,1685.329,11.4168,483.1593,15.7452,120.0,780.0,8,21.6372,75.0,0.584771
GHIP_0377,L03,tdip,dipole_dipole,L03_E18,657587.5,676665.0,152.15,L03_E19,657612.5,676665.0,152.35,L03_E24,657737.5,676665.0,153.35,L03_E25,657762.5,676665.0,153.55,5,1611.141,11.8057,524.4861,12.709,120.0,780.0,8,3.3627,93.75,0.447571
GHIP_0378,L03,tdip,dipole_dipole,L03_E18,657587.5,676665.0,152.15,L03_E19,657612.5,676665.0,152.35,L03_E25,657762.5,676665.0,153.55,L03_E26,657787.5,676665.0,153.75,6,1684.775,13.1856,572.946,8.9962,120.0,780.0,9,3.6179,112.5,0.272456
GHIP_0379,L03,tdip,dipole_dipole,L03_E19,657612.5,676665.0,152.35,L03_E20,657637.5,676665.0,152.55,L03_E21,657662.5,676665.0,152.75,L03_E22,657687.5,676665.0,152.95,1,1616.424,12.0757,532.6596,10.6725,120.0,780.0,5,1.7231,18.75,0.283699
GHIP_0380,L03,tdip,dipole_dipole,L03_E19,657612.5,676665.0,152.35,L03_E20,657637.5,676665.0,152.55,L03_E22,657687.5,676665.0,152.95,L03_E23,657712.5,676665.0,153.15,2,1638.601,12.125,534.9963,9.9014,120.0,780.0,9,1.0221,37.5,0.42367
GHIP_0381,L03,tdip,dipole_dipole,L03_E19,657612.5,676665.0,152.35,L03_E20,657637.5,676665.0,152.55,L03_E23,657712.5,676665.0,153.15,L03_E24,657737.5,676665.0,153.35,3,1701.685,11.5646,498.2966,12.8684,120.0,780.0,6,2.6368,56.25,0.503218
GHIP_0382,L03,tdip,dipole_dipole,L03_E19,657612.5,676665.0,152.35,L03_E20,657637.5,676665.0,152.55,L03_E24,657737.5,676665.0,153.35,L03_E25,657762.5,676665.0,153.55,4,1602.315,12.184,524.4367,13.3586,120.0,780.0,8,1.4409,75.0,0.475382
GHIP_0383,L03,tdip,dipole_dipole,L03_E19,657612.5,676665.0,152.35,L03_E20,657637.5,676665.0,152.55,L03_E25,657762.5,676665.0,153.55,L03_E26,657787.5,676665.0,153.75,5,1699.214,12.3343,529.3663,10.8055,120.0,780.0,8,0.5203,93.75,0.357181
GHIP_0384,L03,tdip,dipole_dipole,L03_E19,657612.5,676665.0,152.35,L03_E20,657637.5,676665.0,152.55,L03_E26,657787.5,676665.0,153.75,L03_E27,657812.5,676665.0,153.95,6,1575.573,13.3075,568.6763,8.3666,120.0,780.0,8,4.8743,112.5,0.213449
GHIP_0385,L03,tdip,dipole_dipole,L03_E20,657637.5,676665.0,152.55,L03_E21,657662.5,676665.0,152.75,L03_E22,657687.5,676665.0,152.95,L03_E23,657712.5,676665.0,153.15,1,1608.076,12.9968,574.1289,9.0113,120.0,780.0,8,2.8552,18.75,0.234934
GHIP_0386,L03,tdip,dipole_dipole,L03_E20,657637.5,676665.0,152.55,L03_E21,657662.5,676665.0,152.75,L03_E23,657712.5,676665.0,153.15,L03_E24,657737.5,676665.0,153.35,2,1563.569,12.7614,552.6856,10.6964,120.0,780.0,9,1.5465,37.5,0.344417
GHIP_0387,L03,tdip,dipole_dipole,L03_E20,657637.5,676665.0,152.55,L03_E21,657662.5,676665.0,152.75,L03_E24,657737.5,676665.0,153.35,L03_E25,657762.5,676665.0,153.55,3,1622.949,12.1317,524.1147,10.3492,120.0,780.0,7,1.4745,56.25,0.40159
GHIP_0388,L03,tdip,dipole_dipole,L03_E20,657637.5,676665.0,152.55,L03_E21,657662.5,676665.0,152.75,L03_E25,657762.5,676665.0,153.55,L03_E26,657787.5,676665.0,153.75,4,1715.343,12.3336,532.3259,10.6938,120.0,780.0,7,1.6699,75.0,0.372425
GHIP_0389,L03,tdip,dipole_dipole,L03_E20,657637.5,676665.0,152.55,L03_E21,657662.5,676665.0,152.75,L03_E26,657787.5,676665.0,153.75,L03_E27,657812.5,676665.0,153.95,5,1671.686,12.4898,548.4554,9.8877,120.0,780.0,9,2.0856,93.75,0.274697
GHIP_0390,L03,tdip,dipole_dipole,L03_E20,657637.5,676665.0,152.55,L03_E21,657662.5,676665.0,152.75,L03_E27,657812.5,676665.0,153.95,L03_E28,657837.5,676665.0,154.15,6,1581.346,13.6772,593.0753,8.1788,120.0,780.0,4,1.6763,112.5,0.161149
GHIP_0391,L03,tdip,dipole_dipole,L03_E21,657662.5,676665.0,152.75,L03_E22,657687.5,676665.0,152.95,L03_E23,657712.5,676665.0,153.15,L03_E24,657737.5,676665.0,153.35,1,1687.545,13.8608,603.7244,7.0363,120.0,780.0,8,1.5868,18.75,0.187488
GHIP_0392,L03,tdip,dipole_dipole,L03_E21,657662.5,676665.0,152.75,L03_E22,657687.5,676665.0,152.95,L03_E24,657737.5,676665.0,153.35,L03_E25,657762.5,676665.0,153.55,2,1659.752,13.0964,563.3631,8.4409,120.0,780.0,9,1.4385,37.5,0.269824
GHIP_0393,L03,tdip,dipole_dipole,L03_E21,657662.5,676665.0,152.75,L03_E22,657687.5,676665.0,152.95,L03_E25,657762.5,676665.0,153.55,L03_E26,657787.5,676665.0,153.75,3,1638.276,12.7229,561.3802,9.5151,120.0,780.0,7,0.927,56.25,0.30885
GHIP_0394,L03,tdip,dipole_dipole,L03_E21,657662.5,676665.0,152.75,L03_E22,657687.5,676665.0,152.95,L03_E26,657787.5,676665.0,153.75,L03_E27,657812.5,676665.0,153.95,4,1560.635,12.6291,546.6316,10.2336,120.0,780.0,8,2.4564,75.0,0.281173
GHIP_0395,L03,tdip,dipole_dipole,L03_E21,657662.5,676665.0,152.75,L03_E22,657687.5,676665.0,152.95,L03_E27,657812.5,676665.0,153.95,L03_E28,657837.5,676665.0,154.15,5,1620.99,13.1766,567.032,8.8758,120.0,780.0,8,3.9121,93.75,0.203591
GHIP_0396,L03,tdip,dipole_dipole,L03_E22,657687.5,676665.0,152.95,L03_E23,657712.5,676665.0,153.15,L03_E24,657737.5,676665.0,153.35,L03_E25,657762.5,676665.0,153.55,1,1670.768,13.7154,588.1283,8.5858,120.0,780.0,9,1.8786,18.75,0.144191
GHIP_0397,L03,tdip,dipole_dipole,L03_E22,657687.5,676665.0,152.95,L03_E23,657712.5,676665.0,153.15,L03_E25,657762.5,676665.0,153.55,L03_E26,657787.5,676665.0,153.75,2,1706.92,12.8992,578.0745,8.5921,120.0,780.0,8,1.6525,37.5,0.203712
GHIP_0398,L03,tdip,dipole_dipole,L03_E22,657687.5,676665.0,152.95,L03_E23,657712.5,676665.0,153.15,L03_E26,657787.5,676665.0,153.75,L03_E27,657812.5,676665.0,153.95,3,1693.857,13.1441,579.6641,7.7578,120.0,780.0,8,1.5529,56.25,0.228904
GHIP_0399,L03,tdip,dipole_dipole,L03_E22,657687.5,676665.0,152.95,L03_E23,657712.5,676665.0,153.15,L03_E27,657812.5,676665.0,153.95,L03_E28,657837.5,676665.0,154.15,4,1684.728,13.3281,568.1068,7.9661,120.0,780.0,11,0.8459,75.0,0.204573
GHIP_0400,L03,tdip,dipole_dipole,L03_E23,657712.5,676665.0,153.15,L03_E24,657737.5,676665.0,153.35,L03_E25,657762.5,676665.0,153.55,L03_E26,657787.5,676665.0,153.75,1,1678.223,13.494,583.1471,7.4651,120.0,780.0,8,0.9262,18.75,0.106867
GHIP_0401,L03,tdip,dipole_dipole,L03_E23,657712.5,676665.0,153.15,L03_E24,657737.5,676665.0,153.35,L03_E26,657787.5,676665.0,153.75,L03_E27,657812.5,676665.0,153.95,2,1628.438,14.0318,600.4792,6.2804,120.0,780.0,11,2.6071,37.5,0.148214
GHIP_0402,L03,tdip,dipole_dipole,L03_E23,657712.5,676665.0,153.15,L03_E24,657737.5,676665.0,153.35,L03_E27,657812.5,676665.0,153.95,L03_E28,657837.5,676665.0,154.15,3,1654.528,13.1324,572.1961,7.8945,120.0,780.0,7,2.1996,56.25,0.163492
GHIP_0403,L03,tdip,dipole_dipole,L03_E24,657737.5,676665.0,153.35,L03_E25,657762.5,676665.0,153.55,L03_E26,657787.5,676665.0,153.75,L03_E27,657812.5,676665.0,153.95,1,1635.42,13.8597,607.8343,5.8367,120.0,780.0,8,1.1191,18.75,0.076328
GHIP_0404,L03,tdip,dipole_dipole,L03_E24,657737.5,676665.0,153.35,L03_E25,657762.5,676665.0,153.55,L03_E27,657812.5,676665.0,153.95,L03_E28,657837.5,676665.0,154.15,2,1681.365,13.6917,603.7071,7.3675,120.0,780.0,7,1.9678,37.5,0.103921
GHIP_0405,L03,tdip,dipole_dipole,L03_E25,657762.5,676665.0,153.55,L03_E26,657787.5,676665.0,153.75,L03_E27,657812.5,676665.0,153.95,L03_E28,657837.5,676665.0,154.15,1,1696.237,13.8959,594.4298,4.0364,120.0,780.0,8,2.3143,18.75,0.052537
